"","age","income","dt_customer","recency","kidhome","teenhome","numdealspurchases","numwebvisitsmonth","totalpurchases","moneyspent","fish_ratio","meat_ratio","sweet_ratio","gold_ratio","fruit_ratio","wine_ratio","web_ratio","catalog_ratio","store_ratio"
"1",54,84835,10,0,0,0,1,1,14,1190,0.0932773109243697,0.318487394957983,0.158823529411765,0.183193277310924,0.0873949579831933,0.158823529411765,0.285714285714286,0.285714285714286,0.428571428571429
"2",63,57091,10,0,0,0,1,5,17,577,0.0121317157712305,0.110918544194107,0,0.0641247833622184,0.00866551126516464,0.804159445407279,0.411764705882353,0.176470588235294,0.411764705882353
"3",66,67267,10,0,0,1,1,2,10,251,0.0597609561752988,0.235059760956175,0.00796812749003984,0.119521912350598,0.0438247011952191,0.533864541832669,0.3,0.2,0.5
"5",35,21474,10,0,1,0,2,7,6,91,0.120879120879121,0.263736263736264,0,0.373626373626374,0.175824175824176,0.0659340659340659,0.5,0.166666666666667,0.333333333333333
"6",66,71691,10,0,0,0,1,2,16,1192,0.201342281879195,0.344798657718121,0.0268456375838926,0.0360738255033557,0.109060402684564,0.281879194630872,0.25,0.4375,0.3125
"7",70,63564,10,0,0,0,1,6,27,1215,0.0123456790123457,0.207407407407407,0.0279835390946502,0.0534979423868313,0.065843621399177,0.632921810699589,0.37037037037037,0.37037037037037,0.259259259259259
"9",70,65324,10,0,0,1,3,4,17,544,0.0386029411764706,0.1875,0.0588235294117647,0.00919117647058824,0,0.705882352941177,0.352941176470588,0.117647058823529,0.529411764705882
"10",70,65324,10,0,0,1,3,4,17,544,0.0386029411764706,0.1875,0.0588235294117647,0.00919117647058824,0,0.705882352941177,0.352941176470588,0.117647058823529,0.529411764705882
"11",77,81044,11,0,0,0,1,1,21,1208,0.0604304635761589,0.442880794701987,0.0811258278145695,0.021523178807947,0.021523178807947,0.372516556291391,0.238095238095238,0.285714285714286,0.476190476190476
"13",65,67786,11,0,0,0,1,1,15,1156,0.069204152249135,0.381487889273356,0.0173010380622837,0.0882352941176471,0.0709342560553633,0.372837370242215,0.2,0.4,0.4
"14",43,26872,11,0,0,0,1,6,4,72,0.0416666666666667,0.111111111111111,0.222222222222222,0.444444444444444,0.138888888888889,0.0416666666666667,0.25,0.25,0.5
"15",55,4428,11,0,0,1,0,1,25,359,0.00557103064066852,0.0334261838440111,0.011142061281337,0.894150417827298,0.011142061281337,0.0445682451253482,1,0,0
"16",47,54809,11,0,1,1,4,4,8,174,0.0747126436781609,0.327586206896552,0.0747126436781609,0.126436781609195,0.0344827586206897,0.362068965517241,0.25,0.125,0.625
"17",47,54809,11,0,1,1,4,4,8,174,0.0747126436781609,0.327586206896552,0.0747126436781609,0.126436781609195,0.0344827586206897,0.362068965517241,0.25,0.125,0.625
"18",66,32173,11,0,0,1,1,4,4,22,0,0.0909090909090909,0,0.0909090909090909,0,0.818181818181818,0.25,0,0.75
"19",64,47823,11,0,0,1,2,8,5,72,0.0277777777777778,0.0694444444444444,0.0138888888888889,0.138888888888889,0.0138888888888889,0.736111111111111,0.4,0,0.6
"20",66,30523,11,0,2,1,1,7,3,13,0,0.230769230769231,0,0.384615384615385,0,0.384615384615385,0.333333333333333,0,0.666666666666667
"22",58,43456,11,0,0,1,3,5,14,393,0.0636132315521628,0.173027989821883,0.0178117048346056,0.0178117048346056,0.0279898218829517,0.699745547073791,0.357142857142857,0.0714285714285714,0.571428571428571
"23",45,40662,11,0,1,0,2,4,6,92,0,0.25,0.0434782608695652,0.25,0.0217391304347826,0.434782608695652,0.333333333333333,0.166666666666667,0.5
"24",48,49544,11,0,1,0,2,7,14,404,0,0.180693069306931,0,0.0569306930693069,0,0.762376237623762,0.357142857142857,0.0714285714285714,0.571428571428571
"25",55,57731,12,0,0,1,4,6,22,704,0.0923295454545455,0.426136363636364,0.0113636363636364,0.0625,0.0298295454545455,0.377840909090909,0.363636363636364,0.363636363636364,0.272727272727273
"26",59,33168,12,0,0,1,3,7,7,122,0,0.30327868852459,0.00819672131147541,0.0245901639344262,0.00819672131147541,0.655737704918033,0.285714285714286,0.142857142857143,0.571428571428571
"29",68,35340,10,1,1,1,2,5,5,45,0,0.266666666666667,0.0222222222222222,0.111111111111111,0,0.6,0.4,0,0.6
"30",49,73170,10,1,0,0,1,2,15,726,0.068870523415978,0.352617079889807,0.0413223140495868,0.0440771349862259,0.239669421487603,0.253443526170799,0.333333333333333,0.266666666666667,0.4
"31",53,65808,10,1,1,1,3,6,11,272,0.0477941176470588,0.294117647058824,0.0257352941176471,0.0367647058823529,0.0257352941176471,0.56985294117647,0.454545454545455,0.0909090909090909,0.454545454545455
"32",38,79529,10,1,0,0,1,2,21,1638,0.0445665445665446,0.431013431013431,0.12026862026862,0.12026862026862,0.0256410256410256,0.258241758241758,0.19047619047619,0.380952380952381,0.428571428571429
"34",50,46374,10,1,0,1,3,8,15,446,0,0.047085201793722,0,0.0381165919282511,0,0.914798206278027,0.466666666666667,0.0666666666666667,0.466666666666667
"35",34,18351,11,1,0,0,1,7,5,43,0,0.209302325581395,0.325581395348837,0.162790697674419,0.27906976744186,0.0232558139534884,0.4,0,0.6
"36",37,95169,11,1,0,0,1,1,11,1901,0.0557601262493424,0.236191478169385,0.0105207785376118,0.0105207785376118,0.0110468174644924,0.675960021041557,0.363636363636364,0.272727272727273,0.363636363636364
"37",40,65370,11,1,0,0,1,1,18,461,0.299349240780911,0.24295010845987,0.193058568329718,0.0629067245119306,0.0477223427331887,0.154013015184382,0.111111111111111,0.166666666666667,0.722222222222222
"38",64,39228,11,1,0,0,1,4,3,20,0,0.3,0.15,0.15,0.05,0.35,0,0,1
"39",63,84865,11,1,0,0,1,4,15,1688,0.0254739336492891,0.20675355450237,0.00947867298578199,0.00947867298578199,0.00947867298578199,0.739336492890995,0.133333333333333,0.266666666666667,0.6
"40",56,61314,11,1,0,1,2,3,22,1008,0.0962301587301587,0.1875,0.170634920634921,0.170634920634921,0,0.375,0.227272727272727,0.227272727272727,0.545454545454545
"41",52,21359,11,1,1,0,2,8,5,48,0.125,0.354166666666667,0.0208333333333333,0.208333333333333,0.0416666666666667,0.25,0.4,0,0.6
"42",69,66465,11,1,0,1,3,6,32,1485,0.0255892255892256,0.137373737373737,0.0195286195286195,0.00942760942760943,0,0.808080808080808,0.34375,0.28125,0.375
"43",41,81698,11,1,0,0,1,5,15,1104,0.0271739130434783,0.104166666666667,0.144927536231884,0.0407608695652174,0.0407608695652174,0.642210144927536,0.533333333333333,0.133333333333333,0.333333333333333
"44",38,39146,11,1,1,0,3,8,8,165,0.0787878787878788,0.2,0.0727272727272727,0.0727272727272727,0.00606060606060606,0.56969696969697,0.5,0,0.5
"45",54,25959,11,1,1,1,2,6,5,56,0.125,0.214285714285714,0.0892857142857143,0.464285714285714,0.0357142857142857,0.0714285714285714,0.2,0.4,0.4
"47",51,32300,11,1,1,0,1,8,4,39,0.153846153846154,0.153846153846154,0.128205128205128,0.153846153846154,0.0769230769230769,0.333333333333333,0.25,0,0.75
"48",59,74806,12,1,0,1,2,4,14,965,0,0.258031088082902,0.0290155440414508,0.00932642487046632,0.00932642487046632,0.694300518134715,0.357142857142857,0.285714285714286,0.357142857142857
"49",54,72967,12,1,0,1,2,5,17,497,0,0.360160965794769,0,0.251509054325956,0.0704225352112676,0.317907444668008,0.411764705882353,0.117647058823529,0.470588235294118
"50",64,48904,12,1,0,1,4,8,13,371,0,0.102425876010782,0.0350404312668464,0.0727762803234501,0.0269541778975741,0.762803234501348,0.538461538461538,0.153846153846154,0.307692307692308
"51",40,14796,12,1,1,0,2,9,4,51,0.137254901960784,0.156862745098039,0.0784313725490196,0.313725490196078,0.0588235294117647,0.254901960784314,0.25,0,0.75
"52",70,66991,12,1,0,0,3,3,18,1253,0.150837988826816,0.367118914604948,0.0478850758180367,0.00957701516360734,0.028731045490822,0.39584996009577,0.222222222222222,0.444444444444444,0.333333333333333
"53",46,52195,10,2,2,1,1,8,3,17,0,0.235294117647059,0,0.0588235294117647,0,0.705882352941177,0.333333333333333,0,0.666666666666667
"54",68,90369,10,2,0,0,1,1,16,1588,0.141057934508816,0.617758186397985,0.0144836272040302,0.0107052896725441,0.0321158690176322,0.183879093198992,0.25,0.375,0.375
"55",50,18393,10,2,1,0,2,8,6,50,0.32,0.26,0,0.08,0.2,0.14,0.5,0,0.5
"56",72,47139,10,2,1,1,2,7,5,83,0,0.144578313253012,0.0240963855421687,0.27710843373494,0,0.55421686746988,0.4,0.2,0.4
"57",51,38576,10,2,0,1,1,7,4,41,0,0.170731707317073,0,0,0,0.829268292682927,0.25,0,0.75
"59",62,83715,10,2,0,0,1,0,23,926,0.161987041036717,0.439524838012959,0.0377969762419006,0.00863930885529158,0.00863930885529158,0.34341252699784,0.0869565217391304,0.347826086956522,0.565217391304348
"60",60,60597,10,2,0,1,4,7,12,893,0.0358342665173572,0.287793952967525,0.0179171332586786,0.0739081746920493,0,0.58454647256439,0.166666666666667,0.166666666666667,0.666666666666667
"61",42,6560,11,2,0,0,0,17,2,373,0.0107238605898123,0.0697050938337802,0.00804289544235925,0.702412868632708,0.0294906166219839,0.179624664879357,0.5,0,0.5
"63",56,38236,11,2,1,1,4,7,7,88,0.0227272727272727,0.204545454545455,0,0.113636363636364,0,0.659090909090909,0.428571428571429,0,0.571428571428571
"64",47,22701,11,2,1,0,1,5,4,24,0,0.375,0.166666666666667,0.208333333333333,0.166666666666667,0.0833333333333333,0.25,0,0.75
"65",50,53367,11,2,1,1,7,7,14,400,0.025,0.35,0.0075,0.0275,0.0175,0.5725,0.357142857142857,0.0714285714285714,0.571428571428571
"67",68,63915,11,2,0,2,2,5,21,789,0.0380228136882129,0.14575411913815,0,0.0190114068441065,0.00887198986058302,0.788339670468948,0.285714285714286,0.142857142857143,0.571428571428571
"68",64,82504,11,2,0,0,1,1,16,1066,0.125703564727955,0.404315196998124,0.0328330206378987,0.050656660412758,0.0469043151969981,0.339587242026266,0.1875,0.375,0.4375
"69",52,38578,11,2,1,1,3,8,6,73,0.0410958904109589,0.301369863013699,0.0410958904109589,0.0410958904109589,0.0547945205479452,0.520547945205479,0.5,0,0.5
"70",52,38578,11,2,1,1,3,8,6,73,0.0410958904109589,0.301369863013699,0.0410958904109589,0.0410958904109589,0.0547945205479452,0.520547945205479,0.5,0,0.5
"71",49,79174,11,2,0,0,1,2,18,2043,0.0944689182574645,0.25354870288791,0.0450318159569261,0.0631424375917768,0.0181106216348507,0.525697503671072,0.277777777777778,0.333333333333333,0.388888888888889
"72",62,81975,11,2,0,1,1,7,13,1588,0.113350125944584,0.115869017632242,0.0869017632241814,0.0170025188916877,0.0478589420654912,0.619017632241814,0.461538461538462,0.230769230769231,0.307692307692308
"73",47,43263,12,2,0,1,3,5,13,441,0,0.138321995464853,0.0226757369614512,0.231292517006803,0.0136054421768707,0.594104308390023,0.384615384615385,0.153846153846154,0.461538461538462
"74",54,27242,12,2,1,0,2,9,5,106,0.188679245283019,0.245283018867925,0.00943396226415094,0.367924528301887,0.160377358490566,0.0283018867924528,0.4,0,0.6
"75",53,76445,12,2,1,0,1,6,20,1410,0.099290780141844,0.219148936170213,0.0567375886524823,0.024822695035461,0.075886524822695,0.524113475177305,0.1,0.25,0.65
"77",61,34213,12,2,1,1,3,9,6,117,0.0512820512820513,0.239316239316239,0.0256410256410256,0.222222222222222,0.0341880341880342,0.427350427350427,0.5,0.166666666666667,0.333333333333333
"79",60,79143,12,2,0,0,1,3,28,1693,0.0159480212640284,0.460720614294152,0.0986414648552865,0.0189013585351447,0.0218546958062611,0.383933845245127,0.214285714285714,0.321428571428571,0.464285714285714
"80",77,27469,12,2,0,0,1,6,3,17,0.176470588235294,0.117647058823529,0.117647058823529,0,0.0588235294117647,0.529411764705882,0,0,1
"83",67,50388,10,3,0,1,4,7,13,372,0,0.0994623655913978,0.00806451612903226,0.0913978494623656,0.0161290322580645,0.78494623655914,0.461538461538462,0.0769230769230769,0.461538461538462
"85",62,46102,10,3,2,1,1,7,3,16,0,0.0625,0,0.0625,0,0.875,0.333333333333333,0,0.666666666666667
"86",44,31859,10,3,1,0,1,7,4,48,0.3125,0.145833333333333,0.166666666666667,0.229166666666667,0.0833333333333333,0.0625,0.25,0,0.75
"87",37,23830,10,3,0,0,1,7,4,43,0.0930232558139535,0.13953488372093,0.186046511627907,0.372093023255814,0.186046511627907,0.0232558139534884,0.25,0,0.75
"88",51,24639,10,3,1,1,3,6,6,44,0,0.363636363636364,0.0909090909090909,0.0227272727272727,0.0681818181818182,0.454545454545455,0.333333333333333,0,0.666666666666667
"90",40,27255,11,3,1,0,1,7,4,37,0,0.297297297297297,0.027027027027027,0.0540540540540541,0.027027027027027,0.594594594594595,0.25,0,0.75
"92",64,77037,11,3,0,1,1,3,26,1123,0.14959928762244,0.296527159394479,0.0471950133570792,0.00890471950133571,0.0854853072128228,0.412288512911843,0.269230769230769,0.269230769230769,0.461538461538462
"93",54,24163,11,3,1,1,2,4,4,17,0.117647058823529,0.411764705882353,0.0588235294117647,0.117647058823529,0.0588235294117647,0.235294117647059,0.25,0,0.75
"95",45,72063,11,3,0,1,2,2,19,758,0.100263852242744,0.45910290237467,0.0422163588390501,0.118733509234828,0.0422163588390501,0.237467018469657,0.263157894736842,0.105263157894737,0.631578947368421
"96",62,58646,11,3,0,1,1,4,7,140,0.0428571428571429,0.314285714285714,0.0357142857142857,0.157142857142857,0.00714285714285714,0.442857142857143,0.285714285714286,0.142857142857143,0.571428571428571
"97",62,58646,11,3,0,1,1,4,7,140,0.0428571428571429,0.314285714285714,0.0357142857142857,0.157142857142857,0.00714285714285714,0.442857142857143,0.285714285714286,0.142857142857143,0.571428571428571
"98",75,47570,11,3,1,1,3,7,6,121,0,0.165289256198347,0.0165289256198347,0.256198347107438,0.00826446280991736,0.553719008264463,0.333333333333333,0.333333333333333,0.333333333333333
"99",44,80011,11,3,0,1,2,4,19,1395,0.0587813620071685,0.384229390681004,0.127598566308244,0.0731182795698925,0.0544802867383513,0.30179211469534,0.421052631578947,0.31578947368421,0.263157894736842
"100",68,54998,11,3,0,1,5,4,15,455,0.0857142857142857,0.443956043956044,0.0659340659340659,0.0175824175824176,0.0483516483516484,0.338461538461538,0.266666666666667,0.133333333333333,0.6
"101",76,60200,11,3,0,1,6,6,19,685,0,0.192700729927007,0.00875912408759124,0.037956204379562,0.0277372262773723,0.732846715328467,0.31578947368421,0.105263157894737,0.578947368421053
"102",42,63211,12,3,0,0,2,2,18,1173,0.174765558397272,0.391304347826087,0.0221653878942881,0.123614663256607,0.164535379369139,0.123614663256607,0.166666666666667,0.444444444444444,0.388888888888889
"103",51,48432,12,3,0,1,5,8,14,424,0.00943396226415094,0.117924528301887,0.00707547169811321,0.0990566037735849,0.00707547169811321,0.759433962264151,0.5,0.0714285714285714,0.428571428571429
"106",75,62845,12,3,1,1,11,8,17,1178,0,0.0382003395585739,0,0.0288624787775891,0,0.932937181663837,0.176470588235294,0.235294117647059,0.588235294117647
"107",75,62845,12,3,1,1,11,8,17,1178,0,0.0382003395585739,0,0.0288624787775891,0,0.932937181663837,0.176470588235294,0.235294117647059,0.588235294117647
"109",34,74214,12,3,0,0,1,5,15,1711,0.0502630040911747,0.319696084161309,0.0578609000584454,0.0192869666861484,0.0485096434833431,0.504383401519579,0.533333333333333,0.133333333333333,0.333333333333333
"110",44,96547,10,4,0,0,0,2,21,809,0.0642768850432633,0.15451174289246,0.124845488257108,0.0766378244746601,0.0259579728059332,0.553770086526576,0.333333333333333,0.285714285714286,0.380952380952381
"112",54,50447,10,4,2,0,1,6,7,148,0.0135135135135135,0.162162162162162,0.0202702702702703,0.182432432432432,0.0472972972972973,0.574324324324324,0.428571428571429,0.142857142857143,0.428571428571429
"113",71,37716,10,4,0,1,2,7,8,188,0.0319148936170213,0.218085106382979,0.0106382978723404,0.218085106382979,0.00531914893617021,0.515957446808511,0.5,0.125,0.375
"115",49,37368,11,4,1,0,1,6,3,30,0.0666666666666667,0.366666666666667,0.0666666666666667,0.333333333333333,0.0666666666666667,0.1,0.333333333333333,0,0.666666666666667
"116",69,67225,11,4,0,1,3,5,20,868,0.0529953917050691,0.370967741935484,0.00806451612903226,0.164746543778802,0.0403225806451613,0.362903225806452,0.35,0.1,0.55
"119",75,81698,11,4,0,0,1,1,24,1008,0.110119047619048,0.515873015873016,0.12202380952381,0.0466269841269841,0.0277777777777778,0.177579365079365,0.125,0.333333333333333,0.541666666666667
"120",56,70566,11,4,0,1,2,3,20,757,0.110964332892999,0.284015852047556,0.0369881109643329,0.0277410832232497,0.0369881109643329,0.50330250990753,0.3,0.25,0.45
"122",62,71434,11,4,0,1,3,4,18,1400,0.122857142857143,0.155,0.0685714285714286,0.12,0.0257142857142857,0.507857142857143,0.388888888888889,0.222222222222222,0.388888888888889
"123",46,33039,11,4,1,0,1,5,6,78,0.102564102564103,0.153846153846154,0.102564102564103,0.153846153846154,0.102564102564103,0.384615384615385,0.333333333333333,0,0.666666666666667
"124",46,33039,11,4,1,0,1,5,6,78,0.102564102564103,0.153846153846154,0.102564102564103,0.153846153846154,0.102564102564103,0.384615384615385,0.333333333333333,0,0.666666666666667
"126",66,49967,11,4,0,1,3,7,12,306,0.0130718954248366,0.225490196078431,0.0392156862745098,0.00980392156862745,0.0196078431372549,0.69281045751634,0.5,0.0833333333333333,0.416666666666667
"127",48,53359,11,4,1,1,4,7,10,257,0.0116731517509728,0.116731517509728,0.0233463035019455,0.159533073929961,0.0155642023346304,0.673151750972763,0.5,0.1,0.4
"128",53,49505,11,4,1,1,9,8,20,751,0.0252996005326232,0.133155792276964,0,0.0372836218375499,0,0.804260985352863,0.5,0.1,0.4
"129",78,68657,11,4,0,0,1,7,17,1196,0.0994983277591973,0.3938127090301,0.0568561872909699,0.0183946488294314,0.028428093645485,0.403010033444816,0.176470588235294,0.294117647058824,0.529411764705882
"130",70,72071,11,4,0,1,3,2,17,1338,0.112107623318386,0.224215246636771,0.103139013452915,0.112107623318386,0.0515695067264574,0.396860986547085,0.294117647058824,0.235294117647059,0.470588235294118
"131",70,72071,11,4,0,1,3,2,17,1338,0.112107623318386,0.224215246636771,0.103139013452915,0.112107623318386,0.0515695067264574,0.396860986547085,0.294117647058824,0.235294117647059,0.470588235294118
"132",57,59235,11,4,1,0,3,7,25,1128,0.0709219858156028,0.415780141843972,0,0.0806737588652482,0.0354609929078014,0.397163120567376,0.44,0.08,0.48
"136",52,69209,12,4,0,0,2,4,14,1782,0.128507295173962,0.476430976430976,0.0269360269360269,0.0718294051627385,0.0179573512906846,0.278338945005612,0.357142857142857,0.214285714285714,0.428571428571429
"138",37,74004,10,5,0,0,1,3,14,1658,0.0253317249698432,0.337756332931242,0.106151990349819,0.0289505428226779,0.0289505428226779,0.472858866103739,0.285714285714286,0.428571428571429,0.285714285714286
"139",37,30390,11,5,0,0,1,6,5,80,0.3125,0.15,0.0125,0.25,0.15,0.125,0.4,0,0.6
"140",39,21355,11,5,1,0,2,6,5,68,0,0.205882352941176,0.0735294117647059,0.455882352941176,0.191176470588235,0.0735294117647059,0.4,0.2,0.4
"141",55,26304,11,5,1,0,1,7,3,16,0.125,0.3125,0,0.25,0.0625,0.25,0.333333333333333,0,0.666666666666667
"142",35,85710,11,5,0,0,1,2,25,1062,0.0273069679849341,0.329566854990584,0.0282485875706215,0.0310734463276836,0.0188323917137476,0.564971751412429,0.24,0.36,0.4
"143",50,102692,11,5,0,0,1,2,28,1112,0.0287769784172662,0.399280575539568,0.154676258992806,0.133093525179856,0.133093525179856,0.151079136690647,0.214285714285714,0.321428571428571,0.464285714285714
"144",53,58350,11,5,0,1,4,6,23,1001,0.115884115884116,0.205794205794206,0.0799200799200799,0.0799200799200799,0.025974025974026,0.492507492507492,0.347826086956522,0.130434782608696,0.521739130434783
"145",46,7500,12,5,1,1,4,6,6,57,0.228070175438596,0.0701754385964912,0.0701754385964912,0.43859649122807,0.087719298245614,0.105263157894737,0.333333333333333,0.166666666666667,0.5
"146",40,18890,12,5,0,0,1,6,3,35,0.2,0.0285714285714286,0.0571428571428571,0.428571428571429,0.114285714285714,0.171428571428571,0,0.333333333333333,0.666666666666667
"147",38,20425,12,5,1,0,2,7,5,57,0.0526315789473684,0.087719298245614,0.280701754385965,0.298245614035088,0.210526315789474,0.0701754385964912,0.4,0,0.6
"148",38,20425,12,5,1,0,2,7,5,57,0.0526315789473684,0.087719298245614,0.280701754385965,0.298245614035088,0.210526315789474,0.0701754385964912,0.4,0,0.6
"149",67,41437,12,5,1,1,1,7,4,32,0,0.0625,0,0.03125,0,0.90625,0.25,0,0.75
"152",65,79823,10,6,0,1,1,2,22,1518,0.075098814229249,0.250329380764163,0.0480895915678524,0.0283267457180501,0.0480895915678524,0.550065876152833,0.272727272727273,0.409090909090909,0.318181818181818
"153",70,85683,10,6,0,0,1,1,16,1789,0.0251537171604248,0.173840134153158,0.0385690329793181,0.0285075461151481,0.00950251537171604,0.724427054220235,0.125,0.25,0.625
"154",59,47025,10,6,1,1,1,7,3,20,0,0.15,0,0.05,0,0.8,0.333333333333333,0,0.666666666666667
"155",48,68397,11,6,0,1,1,3,20,1416,0.0120056497175141,0.32909604519774,0.00918079096045198,0.0564971751412429,0.0564971751412429,0.536723163841808,0.3,0.45,0.25
"156",40,38175,11,6,1,0,3,7,8,153,0.0130718954248366,0.450980392156863,0.0196078431372549,0.0196078431372549,0.0392156862745098,0.457516339869281,0.375,0.125,0.5
"157",52,46423,11,6,1,1,3,7,6,92,0,0.173913043478261,0,0.0869565217391304,0,0.739130434782609,0.333333333333333,0,0.666666666666667
"158",52,46423,11,6,1,1,3,7,6,92,0,0.173913043478261,0,0.0869565217391304,0,0.739130434782609,0.333333333333333,0,0.666666666666667
"161",45,60152,11,6,0,1,1,3,22,943,0.0911983032873807,0.31813361611877,0.0615058324496288,0.0965005302226935,0.088016967126193,0.344644750795334,0.272727272727273,0.181818181818182,0.545454545454545
"165",62,56181,11,6,0,1,1,4,13,393,0.0203562340966921,0.175572519083969,0.111959287531807,0.122137404580153,0.262086513994911,0.307888040712468,0.307692307692308,0.153846153846154,0.538461538461538
"166",34,24279,12,6,0,0,1,8,8,263,0.0760456273764259,0.0798479087452472,0.23574144486692,0.4106463878327,0.136882129277567,0.0608365019011407,0.5,0.125,0.375
"167",55,68462,12,6,0,0,1,1,14,1670,0.0502994011976048,0.470059880239521,0.0766467065868263,0.0287425149700599,0.0383233532934132,0.335928143712575,0.214285714285714,0.214285714285714,0.571428571428571
"168",48,55424,12,6,0,1,4,6,21,877,0.0114025085518814,0.209806157354618,0.0604332953249715,0.122006841505131,0.0695553021664766,0.526795895096921,0.333333333333333,0.238095238095238,0.428571428571429
"169",51,49094,12,6,0,1,5,6,15,502,0.0219123505976096,0.0756972111553785,0.0159362549800797,0.137450199203187,0,0.749003984063745,0.4,0.2,0.4
"170",63,59184,12,6,0,1,3,5,24,1072,0.24160447761194,0.105410447761194,0.140858208955224,0.0615671641791045,0.132462686567164,0.318097014925373,0.25,0.25,0.5
"172",64,30522,12,6,0,1,5,2,12,326,0.058282208588957,0.254601226993865,0.0337423312883436,0.0797546012269939,0.0245398773006135,0.549079754601227,0.0833333333333333,0.166666666666667,0.75
"173",47,31878,10,7,0,1,1,3,5,70,0.142857142857143,0.0714285714285714,0.0714285714285714,0.328571428571429,0.0571428571428571,0.328571428571429,0.2,0,0.8
"174",32,83528,10,7,0,0,1,1,22,1650,0.0812121212121212,0.410909090909091,0.0266666666666667,0.0890909090909091,0.0709090909090909,0.321212121212121,0.181818181818182,0.454545454545455,0.363636363636364
"176",46,68092,11,7,0,0,2,5,18,1281,0.0608899297423888,0.161592505854801,0.0281030444964871,0.0374707259953162,0.0468384074941452,0.665105386416862,0.111111111111111,0.333333333333333,0.555555555555556
"177",52,53761,11,7,1,1,6,5,11,325,0.04,0.233846153846154,0.0215384615384615,0.218461538461538,0,0.486153846153846,0.363636363636364,0.363636363636364,0.272727272727273
"178",51,52845,11,7,1,0,3,6,22,936,0.138888888888889,0.311965811965812,0.0438034188034188,0.0683760683760684,0.0267094017094017,0.41025641025641,0.363636363636364,0.363636363636364,0.272727272727273
"179",48,24027,11,7,1,0,2,8,5,48,0.229166666666667,0.229166666666667,0,0.104166666666667,0.145833333333333,0.291666666666667,0.4,0,0.6
"184",49,86836,12,7,0,0,1,5,22,557,0,0.490125673249551,0.0377019748653501,0.11310592459605,0.0377019748653501,0.321364452423698,0.272727272727273,0.454545454545455,0.272727272727273
"185",52,30467,10,8,1,0,1,7,3,24,0.0833333333333333,0.333333333333333,0.208333333333333,0.208333333333333,0.125,0.0416666666666667,0.333333333333333,0,0.666666666666667
"186",72,54549,10,8,0,1,2,7,10,233,0,0.0257510729613734,0,0.0386266094420601,0.00858369098712446,0.927038626609442,0.5,0.1,0.4
"189",61,72968,11,8,0,0,1,3,18,1958,0.0740551583248212,0.302349336057201,0.0188968335035751,0.0280898876404494,0.0188968335035751,0.557711950970378,0.277777777777778,0.277777777777778,0.444444444444444
"190",71,48686,11,8,1,2,1,8,3,20,0.1,0.35,0,0.05,0,0.5,0.333333333333333,0,0.666666666666667
"191",34,73687,11,8,0,0,1,2,21,1627,0.133988936693301,0.309157959434542,0.00799016594960049,0.111247695144438,0.0940381069452981,0.343577135832821,0.142857142857143,0.428571428571429,0.428571428571429
"192",80,82716,11,8,0,0,1,2,27,1167,0.012853470437018,0.195372750642674,0.126820908311911,0.0188517566409597,0.126820908311911,0.519280205655527,0.222222222222222,0.296296296296296,0.481481481481481
"193",43,35523,11,8,1,0,2,7,6,66,0.181818181818182,0.333333333333333,0.0757575757575758,0.166666666666667,0.0757575757575758,0.166666666666667,0.5,0,0.5
"194",49,60554,11,8,1,0,2,6,21,811,0.135635018495684,0.093711467324291,0.0184956843403206,0.0184956843403206,0.00863131935881628,0.725030826140567,0.380952380952381,0.19047619047619,0.428571428571429
"196",59,61559,11,8,0,1,1,3,16,530,0.060377358490566,0.166037735849057,0.0264150943396226,0.0641509433962264,0.156603773584906,0.526415094339623,0.25,0.125,0.625
"197",62,71670,11,8,0,0,1,6,14,1766,0,0.072480181200453,0,0.0906002265005662,0.00906002265005663,0.827859569648924,0.357142857142857,0.214285714285714,0.428571428571429
"198",73,67680,11,8,0,1,1,5,18,606,0,0.0792079207920792,0.0099009900990099,0.0099009900990099,0,0.900990099009901,0.388888888888889,0.166666666666667,0.444444444444444
"199",43,54386,11,8,0,1,2,3,15,470,0.131914893617021,0.136170212765957,0.0446808510638298,0.0531914893617021,0.0446808510638298,0.58936170212766,0.2,0.133333333333333,0.666666666666667
"200",71,64108,11,8,0,1,4,5,26,1099,0.0118289353958144,0.078252957233849,0.0191082802547771,0.0191082802547771,0.00909918107370337,0.862602365787079,0.230769230769231,0.346153846153846,0.423076923076923
"202",72,47958,11,8,0,1,2,5,14,407,0.0368550368550369,0.216216216216216,0.00737100737100737,0.0540540540540541,0.027027027027027,0.658476658476658,0.428571428571429,0.214285714285714,0.357142857142857
"203",64,67716,11,8,0,1,4,5,24,1016,0.0610236220472441,0.213582677165354,0.00885826771653543,0.0551181102362205,0.139763779527559,0.521653543307087,0.291666666666667,0.166666666666667,0.541666666666667
"206",55,48752,12,8,1,1,5,9,12,316,0.224683544303797,0.316455696202532,0.0474683544303797,0,0.180379746835443,0.231012658227848,0.5,0.0833333333333333,0.416666666666667
"207",36,15716,12,8,1,0,3,8,7,92,0.0869565217391304,0.326086956521739,0.0760869565217391,0.282608695652174,0.0543478260869565,0.173913043478261,0.428571428571429,0,0.571428571428571
"208",72,46610,12,8,0,2,6,6,11,302,0.109271523178808,0.317880794701987,0.0728476821192053,0.142384105960265,0.0397350993377483,0.317880794701987,0.363636363636364,0.0909090909090909,0.545454545454545
"209",47,74985,12,8,0,0,1,2,16,1869,0.132156233279829,0.480470840021402,0,0.0460139111824505,0.0272873194221509,0.314071696094168,0.1875,0.375,0.4375
"210",79,45576,10,9,0,0,1,8,7,145,0.0137931034482759,0.2,0.096551724137931,0.172413793103448,0.131034482758621,0.386206896551724,0.428571428571429,0.142857142857143,0.428571428571429
"211",79,113734,10,9,0,0,0,1,27,277,0.0036101083032491,0.0108303249097473,0.945848375451264,0.0108303249097473,0.0072202166064982,0.0216606498194946,1,0,0
"212",37,57100,10,9,1,0,2,3,12,311,0.0482315112540193,0.318327974276527,0.0353697749196141,0.0546623794212219,0.0353697749196141,0.508038585209003,0.25,0.166666666666667,0.583333333333333
"213",52,24434,10,9,2,0,2,7,5,50,0.4,0.16,0,0.34,0.04,0.06,0.4,0.2,0.4
"214",53,37126,10,9,1,0,1,6,5,72,0.0555555555555556,0.125,0.0555555555555556,0.0972222222222222,0.0416666666666667,0.625,0.2,0.4,0.4
"215",66,45160,10,9,1,1,1,7,3,21,0.142857142857143,0.238095238095238,0,0.142857142857143,0.0952380952380952,0.380952380952381,0.333333333333333,0,0.666666666666667
"217",74,64866,10,9,0,1,4,5,17,556,0.012589928057554,0.0377697841726619,0.00899280575539568,0.0179856115107914,0.00899280575539568,0.913669064748201,0.411764705882353,0.176470588235294,0.411764705882353
"219",56,50014,10,9,1,0,2,5,13,396,0.047979797979798,0.194444444444444,0.0252525252525253,0.106060606060606,0.0353535353535354,0.590909090909091,0.307692307692308,0.0769230769230769,0.615384615384615
"220",76,92344,10,9,0,0,0,1,20,1899,0.0268562401263823,0.365455502896261,0.0100052659294365,0.062664560294892,0.0126382306477093,0.522380200105319,0.25,0.5,0.25
"221",54,55282,11,9,1,0,1,4,10,235,0.0340425531914894,0.31063829787234,0.0170212765957447,0.0808510638297872,0.025531914893617,0.531914893617021,0.3,0.1,0.6
"222",61,48799,11,9,0,1,3,3,12,331,0.0845921450151057,0.244712990936556,0.0181268882175227,0.0725075528700906,0.054380664652568,0.525679758308157,0.25,0.166666666666667,0.583333333333333
"223",42,84169,11,9,0,0,1,3,19,1919,0,0.210005211047421,0.0099009900990099,0,0.0099009900990099,0.77019280875456,0.368421052631579,0.31578947368421,0.31578947368421
"224",42,84169,11,9,0,0,1,3,19,1919,0,0.210005211047421,0.0099009900990099,0,0.0099009900990099,0.77019280875456,0.368421052631579,0.31578947368421,0.31578947368421
"225",53,39763,11,9,1,0,2,9,8,167,0.0239520958083832,0.359281437125749,0.0359281437125748,0.0958083832335329,0.00598802395209581,0.479041916167665,0.625,0.125,0.25
"226",49,74165,11,9,0,0,1,2,19,1293,0.0123743232791957,0.185614849187935,0.00928074245939675,0.00928074245939675,0.00928074245939675,0.774168600154679,0.263157894736842,0.210526315789474,0.526315789473684
"227",59,42720,11,9,1,1,8,8,17,654,0.0428134556574924,0.13914373088685,0.0397553516819572,0.171253822629969,0.00764525993883792,0.599388379204893,0.411764705882353,0.176470588235294,0.411764705882353
"228",80,65275,11,9,0,0,1,2,20,746,0.121983914209115,0.292225201072386,0.0187667560321716,0.0281501340482574,0.0187667560321716,0.520107238605898,0.2,0.15,0.65
"229",63,36443,11,9,1,1,4,8,7,138,0.0289855072463768,0.333333333333333,0.0217391304347826,0.144927536231884,0,0.471014492753623,0.428571428571429,0.142857142857143,0.428571428571429
"232",66,65148,12,9,0,1,2,4,19,1115,0.0295964125560538,0.37847533632287,0.010762331838565,0.137219730941704,0.031390134529148,0.412556053811659,0.31578947368421,0.31578947368421,0.368421052631579
"233",69,49431,12,9,0,1,2,8,13,365,0.0712328767123288,0.273972602739726,0,0.0465753424657534,0.00821917808219178,0.6,0.538461538461538,0.0769230769230769,0.384615384615385
"235",45,16653,10,10,1,0,3,6,6,69,0.217391304347826,0.449275362318841,0.0579710144927536,0.101449275362319,0.101449275362319,0.072463768115942,0.333333333333333,0.166666666666667,0.5
"237",56,51287,10,10,1,1,3,7,8,182,0.0714285714285714,0.120879120879121,0,0.164835164835165,0,0.642857142857143,0.5,0.125,0.375
"238",51,43050,10,10,1,0,2,5,6,76,0.0789473684210526,0.31578947368421,0.0394736842105263,0.105263157894737,0.0657894736842105,0.394736842105263,0.333333333333333,0,0.666666666666667
"239",55,73448,10,10,0,0,1,4,18,725,0.0317241379310345,0.260689655172414,0.056551724137931,0.179310344827586,0.146206896551724,0.32551724137931,0.388888888888889,0.111111111111111,0.5
"240",32,17256,11,10,1,0,2,8,5,62,0.129032258064516,0.225806451612903,0.129032258064516,0.354838709677419,0.0645161290322581,0.0967741935483871,0.4,0.2,0.4
"241",63,86429,11,10,0,0,0,2,18,1449,0.0200138026224983,0.60248447204969,0.0124223602484472,0.0255348516218081,0.0193236714975845,0.320220841959972,0.388888888888889,0.222222222222222,0.388888888888889
"242",41,33569,11,10,1,0,1,8,4,63,0.0476190476190476,0.285714285714286,0,0.380952380952381,0.0317460317460317,0.253968253968254,0.25,0.25,0.5
"244",72,62998,11,10,0,1,5,5,14,463,0.140388768898488,0.157667386609071,0.192224622030238,0.125269978401728,0.125269978401728,0.259179265658747,0.357142857142857,0.285714285714286,0.357142857142857
"247",76,45579,11,10,0,1,1,6,9,183,0.0109289617486339,0.180327868852459,0.00546448087431694,0.00546448087431694,0.00546448087431694,0.792349726775956,0.444444444444444,0.111111111111111,0.444444444444444
"249",48,70179,11,10,0,1,3,5,23,1034,0.0667311411992263,0.16247582205029,0.0425531914893617,0.12862669245648,0.0851063829787234,0.514506769825919,0.304347826086957,0.130434782608696,0.565217391304348
"250",48,70179,11,10,0,1,3,5,23,1034,0.0667311411992263,0.16247582205029,0.0425531914893617,0.12862669245648,0.0851063829787234,0.514506769825919,0.304347826086957,0.130434782608696,0.565217391304348
"251",38,28072,11,10,1,0,1,7,4,47,0.0425531914893617,0.212765957446809,0,0.106382978723404,0,0.638297872340426,0.25,0,0.75
"252",70,50501,11,10,1,1,7,6,13,500,0.026,0.076,0,0.304,0,0.594,0.384615384615385,0.307692307692308,0.307692307692308
"255",53,35178,11,10,1,0,1,7,4,59,0.0338983050847458,0.220338983050847,0.0338983050847458,0.305084745762712,0.0169491525423729,0.389830508474576,0.25,0.25,0.5
"256",53,35178,11,10,1,0,1,7,4,59,0.0338983050847458,0.220338983050847,0.0338983050847458,0.305084745762712,0.0169491525423729,0.389830508474576,0.25,0.25,0.5
"257",56,75693,12,10,0,0,1,4,21,1442,0.0499306518723994,0.203190013869626,0.0672676837725381,0.0208044382801664,0.106102635228849,0.552704576976422,0.523809523809524,0.19047619047619,0.285714285714286
"258",42,69109,12,10,0,0,1,4,19,1555,0.0797427652733119,0.295176848874598,0.0186495176848875,0.0610932475884244,0.0160771704180064,0.529260450160772,0.31578947368421,0.31578947368421,0.368421052631579
"259",42,69109,12,10,0,0,1,4,19,1555,0.0797427652733119,0.295176848874598,0.0186495176848875,0.0610932475884244,0.0160771704180064,0.529260450160772,0.31578947368421,0.31578947368421,0.368421052631579
"261",54,64713,10,11,1,0,2,4,17,602,0.0215946843853821,0.400332225913621,0.0897009966777409,0.0897009966777409,0.0996677740863787,0.299003322259136,0.294117647058824,0.294117647058824,0.411764705882353
"262",38,41411,11,11,0,0,1,6,7,139,0.079136690647482,0.273381294964029,0.0215827338129496,0.129496402877698,0.23021582733813,0.266187050359712,0.285714285714286,0.142857142857143,0.571428571428571
"264",69,55521,11,11,1,2,9,7,15,446,0,0.0582959641255605,0,0.00896860986547085,0,0.932735426008969,0.4,0.2,0.4
"267",75,36408,11,11,1,1,1,6,3,22,0.136363636363636,0.181818181818182,0.0909090909090909,0.136363636363636,0.0454545454545455,0.409090909090909,0.333333333333333,0,0.666666666666667
"270",48,46049,11,11,1,1,10,7,16,515,0.0368932038834951,0.21747572815534,0.0271844660194175,0.0368932038834951,0.0174757281553398,0.664077669902913,0.3125,0.125,0.5625
"271",52,35641,11,11,1,0,2,7,8,178,0.0449438202247191,0.376404494382022,0.050561797752809,0.157303370786517,0.0168539325842697,0.353932584269663,0.375,0.125,0.5
"273",69,59821,11,11,0,1,6,8,20,734,0,0.0953678474114441,0,0.0476839237057221,0,0.856948228882834,0.55,0.1,0.35
"274",44,34968,11,11,1,0,7,7,10,221,0.0361990950226244,0.203619909502262,0.00904977375565611,0.00904977375565611,0.0271493212669683,0.714932126696833,0.3,0.2,0.5
"275",57,56320,11,11,0,1,3,4,18,702,0.165242165242165,0.245014245014245,0.10968660968661,0.118233618233618,0.0754985754985755,0.286324786324786,0.277777777777778,0.222222222222222,0.5
"276",55,70091,11,11,1,0,2,8,17,1161,0.0129198966408269,0.118001722652885,0,0.00947459086993971,0.0292850990525409,0.830318690783807,0.294117647058824,0.117647058823529,0.588235294117647
"278",61,41003,11,11,0,0,1,6,16,601,0.118136439267887,0.236272878535774,0.0732113144758735,0.146422628951747,0.221297836938436,0.204658901830283,0.375,0.125,0.5
"280",49,33249,11,11,1,0,2,6,6,112,0.169642857142857,0.1875,0.125,0.375,0.0892857142857143,0.0535714285714286,0.333333333333333,0.166666666666667,0.5
"281",49,33249,11,11,1,0,2,6,6,112,0.169642857142857,0.1875,0.125,0.375,0.0892857142857143,0.0535714285714286,0.333333333333333,0.166666666666667,0.5
"282",74,42873,11,11,1,1,4,8,11,269,0.0111524163568773,0.148698884758364,0.00743494423791822,0.0557620817843866,0,0.776951672862453,0.545454545454545,0.0909090909090909,0.363636363636364
"283",55,51039,12,11,1,1,2,7,12,417,0.155875299760192,0.189448441247002,0,0.261390887290168,0.15347721822542,0.239808153477218,0.5,0.166666666666667,0.333333333333333
"285",58,29435,12,11,1,1,4,9,7,180,0.0222222222222222,0.205555555555556,0.0111111111111111,0.355555555555556,0.0166666666666667,0.388888888888889,0.428571428571429,0.285714285714286,0.285714285714286
"286",70,79865,10,12,0,1,1,1,20,792,0.233585858585859,0.351010101010101,0.152777777777778,0.047979797979798,0.125,0.0896464646464646,0.25,0.5,0.25
"288",36,34176,10,12,1,0,4,6,7,89,0.213483146067416,0.269662921348315,0.157303370786517,0.224719101123595,0.0786516853932584,0.0561797752808989,0.428571428571429,0,0.571428571428571
"290",68,86424,10,12,0,0,1,1,27,1226,0.0725938009787928,0.464110929853181,0.0367047308319739,0.0554649265905383,0.0554649265905383,0.315660685154976,0.222222222222222,0.333333333333333,0.444444444444444
"291",58,67272,11,12,0,1,3,5,20,733,0.0381991814461119,0.369713506139154,0.0381991814461119,0.0190995907230559,0.0477489768076398,0.487039563437926,0.3,0.1,0.6
"292",67,78499,11,12,0,0,1,4,18,1334,0.035232383808096,0.12743628185907,0.0269865067466267,0.0727136431784108,0.0539730134932534,0.683658170914543,0.611111111111111,0.166666666666667,0.222222222222222
"294",31,70515,11,12,0,0,1,2,16,1258,0.144674085850556,0.359300476947536,0.0508744038155803,0.111287758346582,0,0.333863275039746,0.375,0.375,0.25
"296",54,80336,11,12,0,0,1,1,24,1052,0.152091254752852,0.433460076045627,0.134980988593156,0.0627376425855513,0.0180608365019011,0.198669201520913,0.0833333333333333,0.375,0.541666666666667
"297",68,15759,11,12,0,0,1,7,3,17,0.352941176470588,0.294117647058824,0,0.176470588235294,0.117647058823529,0.0588235294117647,0.333333333333333,0,0.666666666666667
"300",48,5305,11,12,0,1,0,13,1,32,0.03125,0.21875,0.09375,0.15625,0.125,0.375,1,0,0
"301",42,75777,11,12,0,0,1,1,20,1438,0.0479833101529903,0.37413073713491,0.0090403337969402,0.0556328233657858,0.0180806675938804,0.495132127955494,0.15,0.3,0.55
"302",42,75777,11,12,0,0,1,1,20,1438,0.0479833101529903,0.37413073713491,0.0090403337969402,0.0556328233657858,0.0180806675938804,0.495132127955494,0.15,0.3,0.55
"304",46,31626,11,12,1,0,1,7,5,86,0.0232558139534884,0.104651162790698,0.0116279069767442,0.395348837209302,0.0116279069767442,0.453488372093023,0.4,0.2,0.4
"306",51,83917,11,12,0,0,1,3,20,1587,0.0264650283553875,0.46124763705104,0.12476370510397,0.0497794580970384,0.0138626339004411,0.323881537492124,0.3,0.35,0.35
"308",68,79456,12,12,0,0,1,3,15,1401,0.0456816559600286,0.391149179157744,0.059243397573162,0.0706638115631692,0.0299785867237687,0.403283369022127,0.333333333333333,0.4,0.266666666666667
"309",44,78789,12,12,0,0,1,2,15,1754,0.0119726339794755,0.48460661345496,0.0473204104903079,0.0473204104903079,0.0285062713797035,0.380273660205245,0.266666666666667,0.4,0.333333333333333
"310",72,50870,10,13,0,1,1,5,5,63,0,0.126984126984127,0,0.0317460317460317,0,0.841269841269841,0.4,0,0.6
"311",41,35876,10,13,0,0,1,6,7,129,0.0310077519379845,0.310077519379845,0.0232558139534884,0.108527131782946,0.0155038759689922,0.511627906976744,0.428571428571429,0.142857142857143,0.428571428571429
"312",67,23539,10,13,0,0,1,6,6,81,0.197530864197531,0.135802469135802,0.0123456790123457,0.308641975308642,0.296296296296296,0.0493827160493827,0.333333333333333,0,0.666666666666667
"313",57,32557,10,13,1,0,3,5,6,80,0,0.3625,0.05,0.125,0.0375,0.425,0.333333333333333,0.166666666666667,0.5
"314",54,62466,10,13,0,1,5,4,21,889,0.188976377952756,0.291338582677165,0.136107986501687,0.093363329583802,0.145106861642295,0.145106861642295,0.285714285714286,0.142857142857143,0.571428571428571
"315",54,62466,10,13,0,1,5,4,21,889,0.188976377952756,0.291338582677165,0.136107986501687,0.093363329583802,0.145106861642295,0.145106861642295,0.285714285714286,0.142857142857143,0.571428571428571
"316",58,54198,11,13,1,1,6,4,10,235,0.0127659574468085,0.119148936170213,0.00851063829787234,0.0723404255319149,0,0.787234042553192,0.3,0.1,0.6
"317",46,82170,11,13,0,0,1,2,18,1908,0.0256813417190776,0.341194968553459,0.0288259958071279,0.0193920335429769,0.0487421383647799,0.536163522012579,0.277777777777778,0.333333333333333,0.388888888888889
"318",60,61798,11,13,0,0,1,4,15,463,0.0237580993520518,0.192224622030238,0.0172786177105832,0.0280777537796976,0.00863930885529158,0.730021598272138,0.266666666666667,0.133333333333333,0.6
"319",32,15253,11,13,1,0,2,7,4,29,0.275862068965517,0.103448275862069,0.0344827586206897,0.448275862068966,0.103448275862069,0.0344827586206897,0.25,0,0.75
"320",36,78285,11,13,0,0,1,3,20,1427,0.122634898388227,0.274001401541696,0.0469516468114926,0.028030833917309,0.0749824807288017,0.453398738612474,0.3,0.2,0.5
"321",69,62535,11,13,0,1,1,3,13,398,0,0.226130653266332,0.113065326633166,0.130653266331658,0.120603015075377,0.409547738693467,0.230769230769231,0.153846153846154,0.615384615384615
"323",56,48985,11,13,0,1,1,3,5,75,0.133333333333333,0.24,0.0933333333333333,0.106666666666667,0.173333333333333,0.253333333333333,0.2,0.2,0.6
"324",54,72940,11,13,0,0,1,1,12,981,0.165137614678899,0.303771661569827,0.151885830784913,0.118246687054027,0.0754332313965341,0.1855249745158,0.25,0.25,0.5
"325",39,36145,11,13,1,0,4,9,8,172,0.0988372093023256,0.441860465116279,0.00581395348837209,0.104651162790698,0.0232558139534884,0.325581395348837,0.5,0.125,0.375
"327",64,81843,11,13,0,0,1,3,26,1643,0.0206938527084601,0.326841144248326,0.0419963481436397,0.0839926962872794,0.0523432744978697,0.474132684114425,0.192307692307692,0.346153846153846,0.461538461538462
"329",60,45759,11,13,1,1,2,7,5,68,0.0441176470588235,0.264705882352941,0,0.0588235294117647,0.0147058823529412,0.61764705882353,0.4,0,0.6
"330",60,45759,11,13,1,1,2,7,5,68,0.0441176470588235,0.264705882352941,0,0.0588235294117647,0.0147058823529412,0.61764705882353,0.4,0,0.6
"332",35,30279,12,13,1,0,1,8,4,37,0.108108108108108,0.378378378378378,0.108108108108108,0.027027027027027,0.108108108108108,0.27027027027027,0.25,0,0.75
"333",35,30279,12,13,1,0,1,8,4,37,0.108108108108108,0.378378378378378,0.108108108108108,0.027027027027027,0.108108108108108,0.27027027027027,0.25,0,0.75
"334",54,31880,12,13,1,0,1,8,3,15,0.133333333333333,0.333333333333333,0,0.2,0.0666666666666667,0.266666666666667,0.333333333333333,0,0.666666666666667
"335",51,60208,12,13,1,1,11,7,18,656,0.0228658536585366,0.108231707317073,0,0.0899390243902439,0.0350609756097561,0.74390243902439,0.444444444444444,0.166666666666667,0.388888888888889
"337",51,37401,10,14,1,0,2,7,5,48,0.0625,0.395833333333333,0.0208333333333333,0.0625,0.0625,0.395833333333333,0.4,0,0.6
"338",51,37401,10,14,1,0,2,7,5,48,0.0625,0.395833333333333,0.0208333333333333,0.0625,0.0625,0.395833333333333,0.4,0,0.6
"340",59,69263,10,14,0,1,1,6,17,568,0.022887323943662,0.0563380281690141,0.00880281690140845,0.0369718309859155,0.00880281690140845,0.866197183098592,0.529411764705882,0.0588235294117647,0.411764705882353
"342",58,57705,10,14,0,1,3,6,15,486,0.0123456790123457,0.109053497942387,0.00823045267489712,0.0823045267489712,0,0.788065843621399,0.533333333333333,0.0666666666666667,0.4
"345",75,51529,11,14,0,1,2,8,15,467,0.012847965738758,0.0749464668094218,0,0.0471092077087794,0.00856531049250535,0.856531049250535,0.6,0.0666666666666667,0.333333333333333
"346",78,18100,11,14,0,0,1,5,3,14,0.285714285714286,0.142857142857143,0.214285714285714,0.0714285714285714,0.0714285714285714,0.214285714285714,0,0,1
"347",47,59601,11,14,0,1,4,8,11,797,0,0.0865746549560853,0.00878293601003764,0.0288582183186951,0.00878293601003764,0.867001254705144,0.181818181818182,0.181818181818182,0.636363636363636
"349",48,74068,11,14,0,0,1,2,23,1581,0.0885515496521189,0.33965844402277,0.0480708412397217,0.0094876660341556,0.0189753320683112,0.495256166982922,0.173913043478261,0.434782608695652,0.391304347826087
"350",41,36790,11,14,0,0,1,9,5,66,0.227272727272727,0.212121212121212,0.318181818181818,0.151515151515152,0.0454545454545455,0.0454545454545455,0.4,0.2,0.4
"351",53,18793,11,14,1,0,3,8,6,77,0,0.25974025974026,0.220779220779221,0.25974025974026,0.207792207792208,0.051948051948052,0.333333333333333,0,0.666666666666667
"352",70,27421,12,14,0,0,3,7,11,324,0.240740740740741,0.296296296296296,0.123456790123457,0.169753086419753,0.037037037037037,0.132716049382716,0.363636363636364,0.0909090909090909,0.545454545454545
"353",52,30675,12,14,1,0,1,8,4,62,0.17741935483871,0.258064516129032,0.032258064516129,0.338709677419355,0.032258064516129,0.161290322580645,0.25,0,0.75
"356",41,31788,10,15,1,0,3,5,7,60,0,0.383333333333333,0.133333333333333,0.1,0.116666666666667,0.266666666666667,0.428571428571429,0,0.571428571428571
"357",50,45894,10,15,0,2,1,5,4,51,0,0.137254901960784,0.0392156862745098,0.254901960784314,0.0392156862745098,0.529411764705882,0.25,0,0.75
"358",46,41986,10,15,0,1,3,4,7,63,0.126984126984127,0.126984126984127,0.0476190476190476,0.19047619047619,0.0793650793650794,0.428571428571429,0.428571428571429,0,0.571428571428571
"359",62,42769,11,15,0,1,2,4,6,88,0.0340909090909091,0.147727272727273,0.0113636363636364,0,0,0.806818181818182,0.166666666666667,0.166666666666667,0.666666666666667
"361",60,49096,11,15,1,1,4,7,9,187,0.0106951871657754,0.171122994652406,0.0053475935828877,0.0374331550802139,0.0053475935828877,0.770053475935829,0.444444444444444,0.111111111111111,0.444444444444444
"362",44,76412,11,15,0,0,1,3,17,1808,0.0127212389380531,0.444690265486726,0.0392699115044248,0.00940265486725664,0.0293141592920354,0.464601769911504,0.294117647058824,0.235294117647059,0.470588235294118
"363",34,18929,11,15,0,0,1,6,5,85,0.270588235294118,0.0941176470588235,0.0470588235294118,0.211764705882353,0,0.376470588235294,0.2,0,0.8
"364",34,18929,11,15,0,0,1,6,5,85,0.270588235294118,0.0941176470588235,0.0470588235294118,0.211764705882353,0,0.376470588235294,0.2,0,0.8
"365",34,18929,11,15,0,0,1,6,5,85,0.270588235294118,0.0941176470588235,0.0470588235294118,0.211764705882353,0,0.376470588235294,0.2,0,0.8
"366",38,21888,12,15,1,0,4,10,8,213,0.00938967136150235,0.215962441314554,0.0140845070422535,0.300469483568075,0.0469483568075117,0.413145539906103,0.625,0.125,0.25
"368",45,31605,12,15,1,0,2,7,7,125,0.016,0.336,0.008,0.048,0,0.592,0.285714285714286,0.142857142857143,0.571428571428571
"369",50,25509,12,15,1,0,3,9,6,101,0.099009900990099,0.297029702970297,0.0693069306930693,0.108910891089109,0.0297029702970297,0.396039603960396,0.5,0,0.5
"370",50,25509,12,15,1,0,3,9,6,101,0.099009900990099,0.297029702970297,0.0693069306930693,0.108910891089109,0.0297029702970297,0.396039603960396,0.5,0,0.5
"371",65,33051,12,15,0,0,3,9,18,835,0.129341317365269,0.291017964071856,0.112574850299401,0.262275449101796,0.0850299401197605,0.119760479041916,0.5,0.0555555555555556,0.444444444444444
"373",41,32146,10,16,1,0,2,6,6,66,0.0606060606060606,0.348484848484849,0.106060606060606,0.0454545454545455,0.0454545454545455,0.393939393939394,0.333333333333333,0,0.666666666666667
"374",41,22148,10,16,0,0,1,7,4,49,0,0.285714285714286,0.0816326530612245,0.224489795918367,0.102040816326531,0.306122448979592,0.25,0,0.75
"375",45,36781,10,16,1,0,1,8,5,63,0,0.26984126984127,0.0476190476190476,0.206349206349206,0.0158730158730159,0.46031746031746,0.4,0.2,0.4
"376",64,54197,10,16,0,1,2,1,10,237,0.0253164556962025,0.156118143459916,0.0548523206751055,0.0548523206751055,0.0253164556962025,0.683544303797468,0.1,0.3,0.6
"377",54,93790,10,16,0,0,0,2,25,2349,0.0378884631758195,0.311196253724989,0.0485312899106003,0.0191570881226054,0.0289484887186037,0.554278416347382,0.24,0.28,0.48
"378",52,24762,10,16,1,0,3,8,6,86,0.0348837209302326,0.13953488372093,0.174418604651163,0.465116279069767,0.116279069767442,0.0697674418604651,0.5,0.166666666666667,0.333333333333333
"379",40,30477,10,16,1,0,1,6,5,66,0,0.0909090909090909,0,0.181818181818182,0.0151515151515152,0.712121212121212,0.2,0.2,0.6
"380",49,11448,11,16,0,0,1,6,3,14,0.428571428571429,0,0.142857142857143,0.428571428571429,0,0,0.333333333333333,0,0.666666666666667
"381",57,70844,11,16,1,1,5,7,12,294,0.0102040816326531,0.227891156462585,0.227891156462585,0.00680272108843537,0.0884353741496599,0.438775510204082,0.5,0.0833333333333333,0.416666666666667
"382",44,30828,11,16,1,0,2,3,6,56,0.0357142857142857,0.267857142857143,0,0.214285714285714,0.196428571428571,0.285714285714286,0.166666666666667,0.166666666666667,0.666666666666667
"384",43,27733,11,16,1,0,2,7,5,57,0.456140350877193,0.087719298245614,0.0350877192982456,0.298245614035088,0.12280701754386,0,0.4,0,0.6
"386",54,75345,11,16,0,0,1,3,19,2087,0.0474365117393388,0.403449928126497,0.0182079540009583,0.0637278390033541,0.0273119310014375,0.439865836128414,0.263157894736842,0.421052631578947,0.31578947368421
"388",53,36715,12,16,1,0,6,9,13,357,0.0588235294117647,0.350140056022409,0.0364145658263305,0.0448179271708683,0.0280112044817927,0.481792717086835,0.538461538461538,0.153846153846154,0.307692307692308
"390",58,69063,12,16,0,1,1,3,13,928,0.0743534482758621,0.133620689655172,0.00862068965517241,0.0280172413793103,0.0377155172413793,0.717672413793103,0.384615384615385,0.230769230769231,0.384615384615385
"391",36,24645,12,16,1,0,1,8,3,17,0.235294117647059,0.235294117647059,0.0588235294117647,0,0.176470588235294,0.294117647058824,0.333333333333333,0,0.666666666666667
"392",49,35797,12,16,0,1,2,8,5,68,0.0588235294117647,0.205882352941176,0.0147058823529412,0.308823529411765,0.0147058823529412,0.397058823529412,0.4,0,0.6
"393",55,44078,10,17,1,1,2,5,5,41,0.048780487804878,0.24390243902439,0,0.0975609756097561,0.024390243902439,0.585365853658537,0.4,0,0.6
"394",53,26954,10,17,1,0,1,7,3,17,0,0.647058823529412,0,0.0588235294117647,0.0588235294117647,0.235294117647059,0.333333333333333,0,0.666666666666667
"397",50,65463,10,17,1,0,2,5,17,562,0.0373665480427046,0.124555160142349,0.0569395017793594,0.0284697508896797,0.0569395017793594,0.695729537366548,0.352941176470588,0.117647058823529,0.529411764705882
"399",53,36230,11,17,1,0,1,5,6,59,0.135593220338983,0.508474576271186,0.0338983050847458,0.0508474576271186,0.0338983050847458,0.23728813559322,0.333333333333333,0,0.666666666666667
"400",74,80763,11,17,0,0,1,3,22,1415,0.135689045936396,0.0763250883392226,0.0296819787985866,0.163250883392226,0.118727915194346,0.476325088339223,0.227272727272727,0.5,0.272727272727273
"401",53,60585,11,17,1,1,10,5,20,736,0.0747282608695652,0.419836956521739,0.0570652173913043,0.0285326086956522,0.0570652173913043,0.362771739130435,0.35,0.2,0.45
"402",50,49166,11,17,0,1,2,6,11,368,0.0190217391304348,0.0679347826086956,0,0.298913043478261,0.00543478260869565,0.608695652173913,0.454545454545455,0.272727272727273,0.272727272727273
"405",62,72828,11,17,0,1,6,7,22,1678,0.0113230035756853,0.140047675804529,0.00834326579261025,0.122169249106079,0,0.718116805721097,0.272727272727273,0.136363636363636,0.590909090909091
"407",46,38557,12,17,1,0,2,7,7,145,0.0275862068965517,0.213793103448276,0.0275862068965517,0.186206896551724,0.0206896551724138,0.524137931034483,0.428571428571429,0.142857142857143,0.428571428571429
"408",61,81300,12,17,0,1,3,5,18,1241,0.0257856567284448,0.116841257050766,0.0096696212731668,0.0290088638195004,0.0096696212731668,0.809024979854956,0.555555555555556,0.166666666666667,0.277777777777778
"409",59,60161,12,17,0,1,3,8,23,1071,0.0429505135387488,0.197945845004669,0.00746965452847806,0.165266106442577,0.0410830999066293,0.545284780578898,0.478260869565217,0.173913043478261,0.347826086956522
"410",47,69389,12,17,0,1,1,4,21,797,0.0865746549560853,0.29861982434128,0.0577164366373902,0.0188205771643664,0.00878293601003764,0.529485570890841,0.333333333333333,0.0952380952380952,0.571428571428571
"411",70,64497,12,17,0,1,5,8,24,1804,0.0232815964523282,0.177383592017738,0.0177383592017738,0.106430155210643,0.0266075388026608,0.648558758314856,0.458333333333333,0.166666666666667,0.375
"412",44,61014,12,17,0,1,4,7,16,1147,0.158674803836094,0.431560592850915,0.037489102005231,0.025283347863993,0.112467306015693,0.234524847428073,0.5625,0.1875,0.25
"413",49,44319,10,18,1,1,2,5,5,37,0,0.216216216216216,0,0.0810810810810811,0,0.702702702702703,0.4,0,0.6
"414",67,53233,10,18,0,1,1,4,4,40,0.075,0.225,0,0,0,0.7,0.25,0,0.75
"416",37,81361,10,18,0,0,1,1,26,778,0.0347043701799486,0.544987146529563,0.083547557840617,0.0976863753213368,0.0295629820051414,0.209511568123393,0.115384615384615,0.384615384615385,0.5
"417",37,81361,10,18,0,0,1,1,26,778,0.0347043701799486,0.544987146529563,0.083547557840617,0.0976863753213368,0.0295629820051414,0.209511568123393,0.115384615384615,0.384615384615385,0.5
"418",40,25707,10,18,1,0,1,7,4,21,0.142857142857143,0.0952380952380952,0.285714285714286,0.142857142857143,0.285714285714286,0.0476190476190476,0.25,0,0.75
"419",53,42403,11,18,1,0,1,8,4,42,0,0.261904761904762,0.119047619047619,0.0714285714285714,0.0238095238095238,0.523809523809524,0.25,0,0.75
"420",52,65704,11,18,0,0,1,1,22,817,0.0465116279069767,0.0905752753977968,0.00979192166462668,0.30110159118727,0.210526315789474,0.341493268053856,0.0909090909090909,0.454545454545455,0.454545454545455
"421",44,37406,11,18,1,0,1,8,3,17,0.117647058823529,0.470588235294118,0.117647058823529,0.176470588235294,0,0.117647058823529,0.333333333333333,0,0.666666666666667
"423",45,54210,11,18,0,1,2,5,12,367,0.217983651226158,0.29700272479564,0.0245231607629428,0.122615803814714,0.147138964577657,0.190735694822888,0.333333333333333,0.0833333333333333,0.583333333333333
"424",57,57136,11,18,0,0,1,6,19,1179,0.0288379983036472,0.508057675996607,0.0101781170483461,0.107718405428329,0.118744698897371,0.2264631043257,0.368421052631579,0.263157894736842,0.368421052631579
"425",49,40794,11,18,0,1,2,7,14,434,0.00921658986175115,0.168202764976959,0.0529953917050691,0.115207373271889,0.0529953917050691,0.601382488479263,0.428571428571429,0.214285714285714,0.357142857142857
"427",64,89058,12,18,0,0,1,2,13,850,0.0364705882352941,0.124705882352941,0.0258823529411765,0.0505882352941176,0.228235294117647,0.534117647058823,0.384615384615385,0.307692307692308,0.307692307692308
"429",50,72099,12,18,0,0,1,1,17,1188,0.10016835016835,0.345117845117845,0,0.0185185185185185,0.0765993265993266,0.45959595959596,0.176470588235294,0.235294117647059,0.588235294117647
"430",53,43824,12,18,1,1,4,8,8,186,0.0645161290322581,0.225806451612903,0.0161290322580645,0.172043010752688,0.00537634408602151,0.516129032258065,0.375,0.125,0.5
"432",46,44359,10,19,1,1,3,3,6,45,0.155555555555556,0.311111111111111,0.0666666666666667,0.0222222222222222,0,0.444444444444444,0.333333333333333,0,0.666666666666667
"433",63,79410,10,19,0,0,1,1,10,1370,0.0897810218978102,0.352554744525547,0.00948905109489051,0.00948905109489051,0.0583941605839416,0.48029197080292,0.3,0.2,0.5
"434",47,55842,10,19,0,1,1,5,16,518,0,0.0752895752895753,0.00772200772200772,0.0463320463320463,0,0.870656370656371,0.4375,0.0625,0.5
"435",58,79946,10,19,0,0,1,3,21,1478,0.112313937753721,0.382273342354533,0.0953991880920162,0.0189445196211096,0.123815967523681,0.267253044654939,0.238095238095238,0.523809523809524,0.238095238095238
"436",45,88194,10,19,0,1,1,5,31,1274,0.157770800627943,0.2425431711146,0.0188383045525903,0.0298273155416013,0.010989010989011,0.540031397174254,0.354838709677419,0.32258064516129,0.32258064516129
"437",80,80184,10,19,0,0,1,3,19,1902,0.0131440588853838,0.352260778128286,0.0199789695057834,0,0.0704521556256572,0.54416403785489,0.31578947368421,0.157894736842105,0.526315789473684
"438",57,76982,10,19,0,0,1,4,15,1062,0.0612052730696798,0.274952919020716,0.0564971751412429,0.0282485875706215,0.142184557438795,0.436911487758945,0.533333333333333,0.2,0.266666666666667
"439",44,65295,11,19,0,0,1,2,19,664,0.0512048192771084,0.176204819277108,0.16566265060241,0.00903614457831325,0.0481927710843374,0.549698795180723,0.157894736842105,0.157894736842105,0.68421052631579
"441",43,29009,11,19,1,0,2,6,5,44,0.227272727272727,0.340909090909091,0.113636363636364,0.0454545454545455,0.136363636363636,0.136363636363636,0.4,0,0.6
"442",53,78931,11,19,0,0,1,1,23,943,0.0615058324496288,0.180275715800636,0.16118769883351,0.0371155885471898,0.208907741251326,0.351007423117709,0.0869565217391304,0.347826086956522,0.565217391304348
"443",49,7500,11,19,1,0,3,5,5,31,0.0967741935483871,0.32258064516129,0.0645161290322581,0.387096774193548,0.032258064516129,0.0967741935483871,0.4,0,0.6
"444",48,56939,11,19,0,1,2,3,16,561,0.160427807486631,0.183600713012478,0.0516934046345811,0.0873440285204991,0.0606060606060606,0.45632798573975,0.1875,0.1875,0.625
"445",34,64509,11,19,0,0,1,4,18,1722,0.0139372822299652,0.333914053426249,0.0145180023228804,0.0447154471544715,0.107433217189315,0.48548199767712,0.333333333333333,0.166666666666667,0.5
"446",34,30093,11,19,0,0,1,7,5,69,0.188405797101449,0.405797101449275,0.0579710144927536,0.231884057971014,0.0869565217391304,0.0289855072463768,0.4,0,0.6
"451",44,43974,12,19,1,0,5,7,16,551,0,0.183303085299456,0,0.130671506352087,0,0.686025408348457,0.375,0.25,0.375
"453",64,87305,12,19,0,0,1,2,16,1152,0.0546875,0.434895833333333,0.119791666666667,0.0694444444444444,0.0217013888888889,0.299479166666667,0.3125,0.1875,0.5
"454",63,16860,12,19,1,1,3,7,5,38,0.0789473684210526,0.105263157894737,0.0789473684210526,0.368421052631579,0.105263157894737,0.263157894736842,0.2,0.2,0.6
"455",52,27213,12,19,1,0,3,8,6,70,0.142857142857143,0.371428571428571,0.128571428571429,0.0428571428571429,0.0428571428571429,0.271428571428571,0.333333333333333,0,0.666666666666667
"456",48,7500,12,19,1,0,5,9,7,71,0.183098591549296,0.169014084507042,0.0985915492957746,0.450704225352113,0,0.0985915492957746,0.571428571428571,0.142857142857143,0.285714285714286
"458",53,38196,10,20,1,1,3,5,6,44,0,0.25,0,0.0681818181818182,0,0.681818181818182,0.333333333333333,0,0.666666666666667
"459",74,41145,10,20,1,1,1,3,3,13,0,0.230769230769231,0,0.0769230769230769,0,0.692307692307692,0,0,1
"460",42,38513,10,20,1,0,5,8,12,324,0.0493827160493827,0.354938271604938,0,0.0555555555555556,0.00925925925925926,0.530864197530864,0.5,0.0833333333333333,0.416666666666667
"461",56,45688,10,20,0,1,2,4,12,306,0,0.0588235294117647,0,0.0294117647058824,0,0.911764705882353,0.25,0.0833333333333333,0.666666666666667
"463",55,42169,11,20,1,1,2,8,4,30,0,0.3,0,0.0666666666666667,0,0.633333333333333,0.25,0,0.75
"464",60,45906,11,20,0,1,2,5,13,486,0.00823045267489712,0.0555555555555556,0.00617283950617284,0.296296296296296,0.00617283950617284,0.627572016460905,0.384615384615385,0.307692307692308,0.307692307692308
"465",36,35388,11,20,1,0,1,7,4,32,0.125,0.21875,0.09375,0.25,0.125,0.1875,0.25,0,0.75
"466",55,80952,11,20,0,0,1,8,24,1757,0.0233352305065452,0.392145702902675,0.0153671030165054,0.0250426863972681,0.101309049516221,0.442800227660785,0.333333333333333,0.208333333333333,0.458333333333333
"469",51,44051,11,20,1,1,4,6,8,171,0.0350877192982456,0.339181286549708,0.0175438596491228,0.105263157894737,0.0409356725146199,0.461988304093567,0.375,0.125,0.5
"470",70,86718,11,20,0,0,1,2,16,1270,0.0393700787401575,0.379527559055118,0.0259842519685039,0.135433070866142,0.148818897637795,0.270866141732283,0.3125,0.375,0.3125
"471",38,80141,11,20,0,0,1,6,21,2091,0.0248684839789574,0.321855571496891,0.0191296030607365,0.0191296030607365,0.048780487804878,0.5662362505978,0.333333333333333,0.19047619047619,0.476190476190476
"472",48,58597,12,20,1,1,12,7,20,733,0.0136425648021828,0.251023192360164,0.0381991814461119,0.0286493860845839,0,0.668485675306958,0.35,0.2,0.45
"473",79,70356,12,20,0,0,2,6,25,1706,0.0252051582649472,0.145955451348183,0.00937866354044549,0.0193434935521688,0.00937866354044549,0.79073856975381,0.4,0.24,0.36
"474",57,46904,12,20,1,1,4,8,10,253,0,0.221343873517787,0.0355731225296443,0.122529644268775,0.0158102766798419,0.604743083003953,0.5,0.1,0.4
"477",60,61839,12,20,0,0,1,8,16,1895,0.11820580474934,0.2,0.00897097625329815,0.0633245382585752,0.0817941952506596,0.527704485488127,0.25,0.5,0.25
"478",52,29791,10,21,1,0,2,5,5,20,0,0.3,0,0,0,0.7,0.4,0,0.6
"479",61,48918,10,21,1,1,2,4,5,62,0,0.145161290322581,0,0.0161290322580645,0,0.838709677419355,0.2,0,0.8
"480",61,48918,10,21,1,1,2,4,5,62,0,0.145161290322581,0,0.0161290322580645,0,0.838709677419355,0.2,0,0.8
"481",59,58692,10,21,0,1,1,7,14,395,0.010126582278481,0.154430379746835,0.0177215189873418,0.0278481012658228,0.0278481012658228,0.762025316455696,0.571428571428571,0.142857142857143,0.285714285714286
"482",48,39356,10,21,1,1,1,6,3,23,0,0.0869565217391304,0,0.260869565217391,0,0.652173913043478,0.333333333333333,0,0.666666666666667
"483",52,76234,10,21,0,1,1,3,22,907,0.143329658213892,0.18412348401323,0,0.0452039691289967,0.0551267916207277,0.572216097023153,0.363636363636364,0.136363636363636,0.5
"484",40,55434,11,21,1,0,3,4,21,882,0.191609977324263,0.243764172335601,0.0782312925170068,0.0861678004535147,0.130385487528345,0.26984126984127,0.238095238095238,0.142857142857143,0.619047619047619
"485",78,66835,11,21,0,0,1,2,23,1033,0.0329138431752178,0.188770571151985,0.0164569215876089,0.13649564375605,0.0251694094869313,0.600193610842207,0.260869565217391,0.173913043478261,0.565217391304348
"486",78,66835,11,21,0,0,1,2,23,1033,0.0329138431752178,0.188770571151985,0.0164569215876089,0.13649564375605,0.0251694094869313,0.600193610842207,0.260869565217391,0.173913043478261,0.565217391304348
"487",73,71965,11,21,0,1,3,3,14,1213,0.0412201154163232,0.235779060181369,0.0313272877164056,0.204451772464963,0.0156636438582028,0.471558120362737,0.428571428571429,0.214285714285714,0.357142857142857
"489",70,50002,11,21,0,1,2,7,17,638,0.0329153605015674,0.11128526645768,0.0250783699059561,0.128526645768025,0.00783699059561128,0.69435736677116,0.470588235294118,0.117647058823529,0.411764705882353
"496",48,65991,12,21,0,1,3,7,24,971,0.0257466529351184,0.374871266735324,0.0484037075180227,0.00926879505664264,0.01956745623069,0.522142121524202,0.375,0.208333333333333,0.416666666666667
"497",52,38808,12,21,1,0,4,8,10,246,0.0121951219512195,0.211382113821138,0.0772357723577236,0.121951219512195,0.0691056910569106,0.508130081300813,0.5,0.1,0.4
"498",42,160803,12,21,0,0,15,0,29,1717,0.0099009900990099,0.944670937682003,0.0017472335468841,0.0023296447291788,0.0093185789167152,0.0320326150262085,0,0.96551724137931,0.0344827586206897
"499",46,43783,10,22,1,0,6,7,16,629,0.0397456279809221,0.19872813990461,0.00635930047694754,0.220985691573927,0.014308426073132,0.519872813990461,0.4375,0.0625,0.5
"500",55,30396,10,22,1,0,2,7,4,34,0,0.176470588235294,0.0294117647058824,0.352941176470588,0,0.441176470588235,0.25,0.25,0.5
"501",60,65526,10,22,0,1,1,2,16,506,0.0237154150197628,0.136363636363636,0,0.0177865612648221,0.0375494071146245,0.784584980237154,0.25,0.25,0.5
"502",60,65526,10,22,0,1,1,2,16,506,0.0237154150197628,0.136363636363636,0,0.0177865612648221,0.0375494071146245,0.784584980237154,0.25,0.25,0.5
"503",80,55956,10,22,0,0,2,4,14,999,0.05005005005005,0.104104104104104,0.00900900900900901,0.038038038038038,0.038038038038038,0.760760760760761,0.5,0.214285714285714,0.285714285714286
"504",46,55563,10,22,0,1,1,3,5,43,0.0465116279069767,0.209302325581395,0,0.0465116279069767,0.0232558139534884,0.674418604651163,0.4,0,0.6
"505",59,57236,10,22,1,1,3,3,7,121,0.0165289256198347,0.0743801652892562,0.00826446280991736,0.0330578512396694,0,0.867768595041322,0.285714285714286,0.142857142857143,0.571428571428571
"506",51,89694,11,22,1,1,3,5,11,1472,0.0251358695652174,0.143342391304348,0.0190217391304348,0.0285326086956522,0.0190217391304348,0.764945652173913,0.363636363636364,0.272727272727273,0.363636363636364
"508",52,33622,11,22,1,1,3,7,6,81,0.037037037037037,0.271604938271605,0.0493827160493827,0.148148148148148,0.0123456790123457,0.481481481481481,0.333333333333333,0,0.666666666666667
"509",38,29999,11,22,1,0,4,8,8,160,0.0625,0.36875,0.03125,0.06875,0.04375,0.425,0.375,0.125,0.5
"512",44,36802,10,23,1,0,1,5,4,20,0,0.1,0,0.05,0.05,0.8,0.25,0,0.75
"513",56,61671,10,23,0,1,8,8,20,732,0,0.0765027322404372,0,0.0382513661202186,0.00956284153005465,0.87568306010929,0.5,0.2,0.3
"516",38,45921,10,23,0,0,1,4,9,199,0.120603015075377,0.246231155778894,0.0150753768844221,0.0603015075376884,0.0452261306532663,0.512562814070352,0.222222222222222,0.111111111111111,0.666666666666667
"518",64,98777,10,23,0,0,0,1,19,2008,0.0622509960159363,0.354083665338645,0.0572709163346614,0.0189243027888446,0.00946215139442231,0.49800796812749,0.210526315789474,0.31578947368421,0.473684210526316
"519",64,98777,10,23,0,0,0,1,19,2008,0.0622509960159363,0.354083665338645,0.0572709163346614,0.0189243027888446,0.00946215139442231,0.49800796812749,0.210526315789474,0.31578947368421,0.473684210526316
"520",72,77027,10,23,0,1,2,4,17,1175,0.0382978723404255,0.205957446808511,0,0.00936170212765958,0.0485106382978723,0.697872340425532,0.470588235294118,0.176470588235294,0.352941176470588
"521",59,69139,10,23,0,1,1,4,10,227,0.145374449339207,0.330396475770925,0.066079295154185,0.026431718061674,0.052863436123348,0.378854625550661,0.4,0.1,0.5
"522",59,69139,10,23,0,1,1,4,10,227,0.145374449339207,0.330396475770925,0.066079295154185,0.026431718061674,0.052863436123348,0.378854625550661,0.4,0.1,0.5
"523",42,65169,10,23,0,0,1,6,27,1189,0,0.0580319596299411,0,0.0386879730866274,0,0.903280067283431,0.37037037037037,0.148148148148148,0.481481481481481
"524",72,40049,11,23,0,1,1,6,4,32,0,0.21875,0.09375,0.09375,0.1875,0.40625,0.25,0,0.75
"525",79,69755,11,23,0,0,1,1,21,894,0.124161073825503,0.417225950782998,0.0257270693512304,0.104026845637584,0.0861297539149888,0.242729306487696,0.142857142857143,0.285714285714286,0.571428571428571
"527",63,54456,11,23,0,1,3,6,14,404,0.0247524752475248,0.0668316831683168,0,0.0371287128712871,0,0.871287128712871,0.428571428571429,0.0714285714285714,0.5
"529",73,60689,11,23,0,1,4,3,18,639,0.0985915492957746,0.338028169014085,0.00938967136150235,0.0375586854460094,0.140845070422535,0.375586854460094,0.222222222222222,0.222222222222222,0.555555555555556
"530",46,26487,11,23,1,0,3,5,6,69,0.173913043478261,0.144927536231884,0.202898550724638,0.333333333333333,0.115942028985507,0.0289855072463768,0.333333333333333,0.166666666666667,0.5
"531",54,28164,11,23,1,0,3,7,6,78,0.141025641025641,0.333333333333333,0.102564102564103,0.153846153846154,0.230769230769231,0.0384615384615385,0.333333333333333,0,0.666666666666667
"532",54,22585,11,23,0,0,1,9,4,81,0.160493827160494,0.185185185185185,0.0246913580246914,0.481481481481481,0.111111111111111,0.037037037037037,0.25,0.25,0.5
"533",53,64795,11,23,0,1,3,2,18,680,0.0558823529411765,0.175,0.0426470588235294,0.113235294117647,0.00735294117647059,0.605882352941176,0.166666666666667,0.166666666666667,0.666666666666667
"534",37,42000,11,23,0,0,2,5,18,653,0.130168453292496,0.408882082695253,0.0903522205206738,0.0535987748851455,0.127105666156202,0.18989280245023,0.277777777777778,0.111111111111111,0.611111111111111
"535",37,42000,11,23,0,0,2,5,18,653,0.130168453292496,0.408882082695253,0.0903522205206738,0.0535987748851455,0.127105666156202,0.18989280245023,0.277777777777778,0.111111111111111,0.611111111111111
"537",78,82800,12,23,0,0,1,3,25,1315,0.0448669201520913,0.0874524714828897,0.0517110266159696,0.0342205323193916,0.0167300380228137,0.765019011406844,0.28,0.24,0.48
"538",78,82800,12,23,0,0,1,3,25,1315,0.0448669201520913,0.0874524714828897,0.0517110266159696,0.0342205323193916,0.0167300380228137,0.765019011406844,0.28,0.24,0.48
"539",49,30801,12,23,0,1,2,7,4,45,0.333333333333333,0.111111111111111,0.0444444444444444,0.244444444444444,0.0888888888888889,0.177777777777778,0.25,0,0.75
"540",50,83891,10,24,0,1,1,1,21,816,0.136029411764706,0.428921568627451,0.104166666666667,0.0183823529411765,0.0465686274509804,0.26593137254902,0.19047619047619,0.333333333333333,0.476190476190476
"541",74,38054,10,24,1,1,2,7,5,45,0.0444444444444444,0.377777777777778,0.0222222222222222,0,0.0444444444444444,0.511111111111111,0.4,0,0.6
"542",55,14045,10,24,1,0,1,7,4,20,0.1,0.25,0.05,0.05,0,0.55,0.25,0,0.75
"543",67,44155,10,24,1,1,1,4,4,46,0,0.195652173913043,0,0.304347826086957,0.0217391304347826,0.478260869565217,0.25,0.25,0.5
"544",54,57642,10,24,0,1,3,4,19,679,0.0117820324005891,0.085419734904271,0,0.0397643593519882,0.00883652430044183,0.85419734904271,0.368421052631579,0.31578947368421,0.31578947368421
"545",47,31353,11,24,1,1,2,8,4,31,0.0967741935483871,0.32258064516129,0.032258064516129,0.225806451612903,0,0.32258064516129,0.25,0.25,0.5
"546",47,31353,11,24,1,1,2,8,4,31,0.0967741935483871,0.32258064516129,0.032258064516129,0.225806451612903,0,0.32258064516129,0.25,0.25,0.5
"547",56,41335,11,24,1,0,3,7,9,187,0.0855614973262032,0.112299465240642,0.0748663101604278,0.0267379679144385,0.101604278074866,0.598930481283422,0.444444444444444,0.111111111111111,0.444444444444444
"548",56,41335,11,24,1,0,3,7,9,187,0.0855614973262032,0.112299465240642,0.0748663101604278,0.0267379679144385,0.101604278074866,0.598930481283422,0.444444444444444,0.111111111111111,0.444444444444444
"549",67,40737,11,24,2,1,1,8,3,17,0,0.235294117647059,0,0.117647058823529,0,0.647058823529412,0.333333333333333,0,0.666666666666667
"551",75,35946,11,24,1,1,1,5,3,11,0,0.272727272727273,0,0,0,0.727272727272727,0,0,1
"552",41,36262,11,24,0,0,1,6,11,426,0.150234741784038,0.126760563380282,0.0657276995305164,0.359154929577465,0.0915492957746479,0.206572769953052,0.272727272727273,0.454545454545455,0.272727272727273
"553",70,44551,11,24,0,1,2,7,10,285,0,0.115789473684211,0,0.231578947368421,0.0140350877192982,0.63859649122807,0.4,0.1,0.5
"558",75,48150,11,24,0,1,3,7,10,266,0.0112781954887218,0.146616541353383,0.0075187969924812,0.176691729323308,0.0075187969924812,0.650375939849624,0.5,0.1,0.4
"559",55,56796,11,24,0,1,3,7,24,1001,0.0619380619380619,0.160839160839161,0.046953046953047,0.036963036963037,0.037962037962038,0.655344655344655,0.333333333333333,0.375,0.291666666666667
"560",55,56796,11,24,0,1,3,7,24,1001,0.0619380619380619,0.160839160839161,0.046953046953047,0.036963036963037,0.037962037962038,0.655344655344655,0.333333333333333,0.375,0.291666666666667
"561",61,52278,11,24,0,1,6,8,25,1198,0,0.0592654424040067,0,0.145242070116861,0,0.795492487479132,0.4,0.2,0.4
"562",61,52278,11,24,0,1,6,8,25,1198,0,0.0592654424040067,0,0.145242070116861,0,0.795492487479132,0.4,0.2,0.4
"563",28,7500,12,24,0,0,3,9,7,122,0.122950819672131,0.114754098360656,0.180327868852459,0.40983606557377,0.147540983606557,0.0245901639344262,0.428571428571429,0.142857142857143,0.428571428571429
"564",72,33444,12,24,1,1,1,8,3,18,0,0.444444444444444,0,0.111111111111111,0,0.444444444444444,0.333333333333333,0,0.666666666666667
"565",51,20895,12,24,1,0,1,9,5,45,0.0666666666666667,0.377777777777778,0,0.0888888888888889,0.0666666666666667,0.4,0.4,0,0.6
"567",46,88097,12,24,1,0,1,9,19,844,0,0.568720379146919,0.149289099526066,0.0888625592417062,0,0.193127962085308,0.31578947368421,0.263157894736842,0.421052631578947
"568",51,59041,10,25,1,1,2,5,6,96,0.0208333333333333,0.15625,0.0208333333333333,0.0625,0.0208333333333333,0.71875,0.333333333333333,0,0.666666666666667
"569",50,43322,10,25,0,0,1,7,7,141,0.0709219858156028,0.340425531914894,0.0141843971631206,0.127659574468085,0.049645390070922,0.397163120567376,0.428571428571429,0,0.571428571428571
"572",65,34242,10,25,0,1,1,5,3,15,0,0.266666666666667,0,0.0666666666666667,0.133333333333333,0.533333333333333,0,0,1
"573",69,65210,10,25,0,1,2,6,20,731,0,0.0957592339261286,0.00957592339261286,0.0383036935704514,0,0.856361149110807,0.45,0.15,0.4
"574",66,50520,10,25,0,1,2,6,7,135,0.0148148148148148,0.0444444444444444,0.00740740740740741,0.103703703703704,0,0.82962962962963,0.428571428571429,0.142857142857143,0.428571428571429
"575",54,90765,10,25,0,0,0,1,15,1724,0.0875870069605569,0.470997679814385,0.0475638051044084,0.0191415313225058,0.0574245939675174,0.317285382830626,0.266666666666667,0.4,0.333333333333333
"576",80,80589,10,25,0,0,1,1,20,1428,0.169467787114846,0.364145658263305,0.0280112044817927,0.0182072829131653,0.0651260504201681,0.355042016806723,0.25,0.5,0.25
"577",66,49572,11,25,1,1,2,7,5,54,0,0.296296296296296,0.0185185185185185,0.0185185185185185,0.0185185185185185,0.648148148148148,0.4,0,0.6
"579",53,44635,11,25,1,1,2,7,5,68,0,0.132352941176471,0,0.0441176470588235,0,0.823529411764706,0.4,0,0.6
"580",60,58512,11,25,0,1,5,8,15,1171,0.0111016225448335,0.0862510674637062,0,0.129803586678053,0.0085397096498719,0.764304013663535,0.2,0.266666666666667,0.533333333333333
"581",72,62000,11,25,0,1,1,4,25,1020,0,0.0990196078431373,0,0.0196078431372549,0,0.881372549019608,0.24,0.24,0.52
"582",68,54252,11,25,1,1,5,6,10,264,0.0303030303030303,0.0984848484848485,0.0151515151515152,0.166666666666667,0.0151515151515152,0.674242424242424,0.4,0.1,0.5
"584",45,60474,11,25,0,1,7,7,24,1180,0.198305084745763,0.256779661016949,0.0076271186440678,0.14406779661017,0.16864406779661,0.224576271186441,0.416666666666667,0.0833333333333333,0.5
"585",45,60474,11,25,0,1,7,7,24,1180,0.198305084745763,0.256779661016949,0.0076271186440678,0.14406779661017,0.16864406779661,0.224576271186441,0.416666666666667,0.0833333333333333,0.5
"586",43,56337,11,25,1,1,5,8,17,724,0.0386740331491713,0.198895027624309,0.0069060773480663,0.251381215469613,0.0220994475138122,0.482044198895028,0.470588235294118,0.294117647058824,0.235294117647059
"589",49,92163,12,25,0,0,0,2,21,2086,0.0508149568552253,0.382070949185043,0.0781399808245446,0.00958772770853308,0.0877277085330777,0.391658676893576,0.238095238095238,0.523809523809524,0.238095238095238
"592",38,8940,12,25,1,0,3,8,7,101,0.0396039603960396,0.0297029702970297,0.0594059405940594,0.415841584158416,0.445544554455446,0.0099009900990099,0.428571428571429,0.142857142857143,0.428571428571429
"593",50,26751,10,26,2,0,1,8,3,11,0,0.454545454545455,0.272727272727273,0.0909090909090909,0.0909090909090909,0.0909090909090909,0.333333333333333,0,0.666666666666667
"594",46,71427,10,26,2,0,2,4,18,614,0.0244299674267101,0.288273615635179,0.104234527687296,0.0374592833876222,0.200325732899023,0.345276872964169,0.444444444444444,0.111111111111111,0.444444444444444
"596",50,19346,10,26,1,0,1,8,4,22,0.136363636363636,0.409090909090909,0.272727272727273,0.0909090909090909,0,0.0909090909090909,0.25,0,0.75
"597",49,56243,11,26,1,2,6,5,14,396,0.0101010101010101,0.0883838383838384,0.00757575757575758,0.0176767676767677,0,0.876262626262626,0.285714285714286,0.142857142857143,0.571428571428571
"598",54,59892,11,26,0,1,1,3,6,87,0,0.149425287356322,0.0114942528735632,0,0,0.839080459770115,0.333333333333333,0.166666666666667,0.5
"600",38,25252,11,26,1,0,1,8,3,18,0.111111111111111,0.222222222222222,0.111111111111111,0.333333333333333,0.166666666666667,0.0555555555555556,0.333333333333333,0,0.666666666666667
"601",49,42160,11,26,1,1,4,6,7,140,0.0214285714285714,0.321428571428571,0.107142857142857,0.142857142857143,0.0642857142857143,0.342857142857143,0.285714285714286,0.142857142857143,0.571428571428571
"602",45,15862,11,26,1,0,1,8,4,36,0.305555555555556,0.111111111111111,0.25,0.277777777777778,0.0277777777777778,0.0277777777777778,0.25,0,0.75
"603",50,82584,11,26,0,0,1,1,15,1435,0.0202090592334495,0.0717770034843206,0.0634146341463415,0.0473867595818815,0.0473867595818815,0.749825783972125,0.2,0.266666666666667,0.533333333333333
"604",35,38360,11,26,1,0,2,3,7,131,0.152671755725191,0.320610687022901,0.16030534351145,0.0763358778625954,0.0152671755725191,0.274809160305344,0.285714285714286,0.142857142857143,0.571428571428571
"605",67,75283,11,26,1,2,11,4,14,1019,0.0117762512266928,0.176643768400393,0.0186457311089303,0.0647693817468106,0.00883218842001963,0.719332679097154,0.428571428571429,0.214285714285714,0.357142857142857
"607",72,61823,11,26,0,1,4,7,20,884,0.0418552036199095,0.15158371040724,0.0158371040723982,0.191176470588235,0.0079185520361991,0.591628959276018,0.4,0.1,0.5
"608",68,90226,12,26,0,0,1,2,23,2352,0.107568027210884,0.27593537414966,0.0642006802721088,0.0459183673469388,0.0459183673469388,0.460459183673469,0.173913043478261,0.304347826086957,0.521739130434783
"609",50,44989,12,26,0,1,5,6,11,369,0.132791327913279,0.287262872628726,0.02710027100271,0.287262872628726,0,0.265582655826558,0.454545454545455,0.0909090909090909,0.454545454545455
"610",50,44989,12,26,0,1,5,6,11,369,0.132791327913279,0.287262872628726,0.02710027100271,0.287262872628726,0,0.265582655826558,0.454545454545455,0.0909090909090909,0.454545454545455
"611",44,43586,12,26,0,1,3,8,7,132,0.0303030303030303,0.0833333333333333,0,0.121212121212121,0.0151515151515152,0.75,0.428571428571429,0,0.571428571428571
"612",50,32233,12,26,1,0,2,9,10,296,0.0844594594594595,0.118243243243243,0.0371621621621622,0.243243243243243,0.0506756756756757,0.466216216216216,0.6,0.2,0.2
"617",36,90247,10,27,0,0,1,1,14,1621,0.012954966070327,0.217149907464528,0.00987045033929673,0.00987045033929673,0.0197409006785935,0.730413325107958,0.214285714285714,0.285714285714286,0.5
"618",64,32218,10,27,0,0,1,7,6,93,0.139784946236559,0.161290322580645,0.010752688172043,0.32258064516129,0.258064516129032,0.10752688172043,0.333333333333333,0.166666666666667,0.5
"619",36,84219,10,27,0,0,1,1,17,1198,0.0375626043405676,0.333889816360601,0.114357262103506,0.0375626043405676,0.114357262103506,0.362270450751252,0.176470588235294,0.235294117647059,0.588235294117647
"620",36,84219,10,27,0,0,1,1,17,1198,0.0375626043405676,0.333889816360601,0.114357262103506,0.0375626043405676,0.114357262103506,0.362270450751252,0.176470588235294,0.235294117647059,0.588235294117647
"621",58,48877,10,27,0,1,1,7,7,144,0.0138888888888889,0.104166666666667,0,0.166666666666667,0.00694444444444444,0.708333333333333,0.428571428571429,0,0.571428571428571
"623",60,75236,11,27,0,1,1,4,24,1068,0.0112359550561798,0.374531835205993,0.0355805243445693,0.106741573033708,0.0617977528089888,0.410112359550562,0.333333333333333,0.125,0.541666666666667
"624",71,62551,11,27,0,0,1,3,17,421,0.318289786223278,0.232779097387173,0.0498812351543943,0.0641330166270784,0.0380047505938242,0.296912114014252,0.352941176470588,0.411764705882353,0.235294117647059
"626",62,50785,11,27,1,1,2,6,6,114,0,0.184210526315789,0.0087719298245614,0.236842105263158,0.0087719298245614,0.56140350877193,0.333333333333333,0.166666666666667,0.5
"627",54,15315,11,27,0,0,2,5,6,64,0.234375,0.203125,0.125,0.265625,0.0625,0.109375,0.333333333333333,0,0.666666666666667
"628",54,15315,11,27,0,0,2,5,6,64,0.234375,0.203125,0.125,0.265625,0.0625,0.109375,0.333333333333333,0,0.666666666666667
"630",43,87171,11,27,0,0,1,2,24,1298,0.0446841294298921,0.0824345146379045,0.0338983050847458,0.0338983050847458,0.0338983050847458,0.771186440677966,0.25,0.291666666666667,0.458333333333333
"631",63,30081,11,27,0,1,1,7,4,42,0,0.0476190476190476,0,0.0952380952380952,0,0.857142857142857,0.25,0,0.75
"632",48,20180,11,27,0,0,1,7,7,137,0.109489051094891,0.175182481751825,0.145985401459854,0.131386861313869,0.306569343065693,0.131386861313869,0.285714285714286,0.142857142857143,0.571428571428571
"633",48,20180,11,27,0,0,1,7,7,137,0.109489051094891,0.175182481751825,0.145985401459854,0.131386861313869,0.306569343065693,0.131386861313869,0.285714285714286,0.142857142857143,0.571428571428571
"634",58,55686,11,27,0,1,2,4,14,982,0.0376782077393075,0.202647657841141,0.0478615071283096,0.0264765784114053,0,0.685336048879837,0.428571428571429,0.214285714285714,0.357142857142857
"635",65,26887,11,27,0,1,1,6,4,30,0.1,0.133333333333333,0.133333333333333,0.2,0.233333333333333,0.2,0.25,0,0.75
"636",47,61996,11,27,0,1,3,5,18,1230,0,0.117073170731707,0,0.0195121951219512,0.00975609756097561,0.853658536585366,0.333333333333333,0.222222222222222,0.444444444444444
"637",72,51537,12,27,0,1,3,8,15,1103,0,0.184950135992747,0,0.0834088848594742,0.0181323662737987,0.71350861287398,0.133333333333333,0.133333333333333,0.733333333333333
"640",33,61618,12,27,0,0,2,3,17,1345,0,0.296654275092937,0.033457249070632,0.152416356877323,0.0676579925650558,0.449814126394052,0.176470588235294,0.352941176470588,0.470588235294118
"641",59,77343,10,28,0,0,1,1,16,1134,0.0864197530864197,0.505291005291005,0.0476190476190476,0.027336860670194,0.1331569664903,0.200176366843033,0.1875,0.25,0.5625
"642",35,75433,10,28,1,0,2,6,17,1188,0,0.25,0.0286195286195286,0.047979797979798,0,0.673400673400673,0.117647058823529,0.294117647058824,0.588235294117647
"643",62,82571,10,28,0,0,0,2,24,1686,0.036773428232503,0.330960854092527,0.0563463819691578,0.0468564650059312,0.0183867141162515,0.51067615658363,0.25,0.208333333333333,0.541666666666667
"645",41,39062,10,28,1,0,1,4,4,44,0,0.204545454545455,0,0.272727272727273,0,0.522727272727273,0.25,0,0.75
"646",52,30023,10,28,1,0,1,8,5,61,0.114754098360656,0.262295081967213,0.0983606557377049,0.344262295081967,0,0.180327868852459,0.4,0,0.6
"647",54,30015,10,28,1,0,2,5,5,57,0.0350877192982456,0.385964912280702,0.0526315789473684,0.087719298245614,0,0.43859649122807,0.2,0,0.8
"648",44,33228,10,28,1,0,1,7,5,71,0.0985915492957746,0.436619718309859,0.0563380281690141,0.0704225352112676,0.028169014084507,0.309859154929577,0.4,0,0.6
"649",57,22574,11,28,2,1,2,7,5,37,0.0540540540540541,0.216216216216216,0,0.0540540540540541,0,0.675675675675676,0.4,0,0.6
"650",57,22574,11,28,2,1,2,7,5,37,0.0540540540540541,0.216216216216216,0,0.0540540540540541,0,0.675675675675676,0.4,0,0.6
"651",67,55267,11,28,0,1,4,3,13,405,0.0790123456790123,0.335802469135802,0.00740740740740741,0.111111111111111,0.0691358024691358,0.397530864197531,0.230769230769231,0.307692307692308,0.461538461538462
"653",53,72258,11,28,0,1,2,2,20,1525,0.148852459016393,0.342295081967213,0.0786885245901639,0.0878688524590164,0,0.342295081967213,0.3,0.45,0.25
"654",40,82733,11,28,0,0,1,4,19,1323,0.0491307634164777,0.317460317460317,0.0287226001511716,0.0287226001511716,0.0377928949357521,0.53817082388511,0.421052631578947,0.210526315789474,0.368421052631579
"655",61,45146,11,28,1,1,2,4,4,53,0,0.0943396226415094,0,0.283018867924528,0,0.622641509433962,0.25,0.25,0.5
"656",34,51250,11,28,1,0,5,9,19,710,0.047887323943662,0.323943661971831,0.0450704225352113,0.0563380281690141,0.0450704225352113,0.48169014084507,0.526315789473684,0.263157894736842,0.210526315789474
"657",73,32871,11,28,1,1,1,4,4,43,0,0.27906976744186,0.0465116279069767,0.116279069767442,0.0465116279069767,0.511627906976744,0.25,0,0.75
"659",56,42564,11,28,0,1,6,7,18,813,0.047970479704797,0.228782287822878,0.022140221402214,0.243542435424354,0.0590405904059041,0.398523985239852,0.333333333333333,0.444444444444444,0.222222222222222
"661",61,50437,12,28,0,2,3,7,16,490,0.0122448979591837,0.187755102040816,0.0183673469387755,0.00816326530612245,0.0183673469387755,0.755102040816326,0.4375,0.0625,0.5
"663",47,37774,12,28,2,0,4,9,12,473,0.0147991543340381,0.226215644820296,0.00422832980972516,0.372093023255814,0.0169133192389006,0.365750528541226,0.583333333333333,0.166666666666667,0.25
"665",58,33279,10,29,0,0,1,3,3,16,0,0.1875,0,0,0.1875,0.625,0,0,1
"666",46,42693,10,29,1,0,1,5,4,57,0.105263157894737,0.350877192982456,0.0526315789473684,0.280701754385965,0.0701754385964912,0.140350877192982,0.25,0,0.75
"668",67,65486,10,29,0,1,1,2,16,507,0.0729783037475345,0.2465483234714,0.132149901380671,0.0276134122287968,0.0374753451676529,0.483234714003945,0.25,0.125,0.625
"672",33,90638,10,29,0,0,1,1,17,2525,0.0372277227722772,0.362376237623762,0.057029702970297,0.038019801980198,0.0475247524752475,0.457821782178218,0.176470588235294,0.235294117647059,0.588235294117647
"673",33,90638,10,29,0,0,1,1,17,2525,0.0372277227722772,0.362376237623762,0.057029702970297,0.038019801980198,0.0475247524752475,0.457821782178218,0.176470588235294,0.235294117647059,0.588235294117647
"675",65,59052,11,29,0,1,3,5,15,491,0.128309572301426,0.152749490835031,0.116089613034623,0.0631364562118126,0.0712830957230143,0.468431771894094,0.466666666666667,0.0666666666666667,0.466666666666667
"677",75,49160,11,29,0,1,2,6,10,236,0.10593220338983,0.182203389830508,0.0423728813559322,0.0635593220338983,0.0889830508474576,0.516949152542373,0.3,0.1,0.6
"678",71,23272,11,29,0,0,1,4,4,46,0.0869565217391304,0.130434782608696,0.0434782608695652,0.260869565217391,0.0652173913043478,0.41304347826087,0.25,0,0.75
"679",61,49476,11,29,0,1,4,2,18,795,0.0679245283018868,0.119496855345912,0.0515723270440252,0.246540880503145,0.0289308176100629,0.485534591194969,0.111111111111111,0.611111111111111,0.277777777777778
"680",59,62694,11,29,1,1,5,7,19,749,0.0333778371161549,0.209612817089453,0.121495327102804,0.121495327102804,0.00801068090787717,0.506008010680908,0.473684210526316,0.157894736842105,0.368421052631579
"684",65,65031,11,29,0,1,4,7,26,863,0.0973348783314021,0.337195828505214,0.0428736964078795,0.0996523754345307,0.123986095017381,0.298957126303592,0.384615384615385,0.115384615384615,0.5
"687",74,59462,11,29,0,1,2,7,23,1088,0,0.131433823529412,0.00735294117647059,0.180147058823529,0.015625,0.665441176470588,0.391304347826087,0.0869565217391304,0.521739130434783
"688",30,95529,12,29,0,0,1,3,17,1990,0.125628140703518,0.447236180904523,0.0135678391959799,0.0120603015075377,0.014572864321608,0.386934673366834,0.411764705882353,0.176470588235294,0.411764705882353
"689",71,53653,12,29,0,0,2,6,26,1210,0.0231404958677686,0.197520661157025,0.00826446280991736,0.0892561983471074,0.00826446280991736,0.673553719008264,0.384615384615385,0.153846153846154,0.461538461538462
"690",44,25965,12,29,0,0,1,8,5,74,0.554054054054054,0.148648648648649,0.0945945945945946,0.148648648648649,0.027027027027027,0.027027027027027,0.4,0,0.6
"691",54,22979,12,29,1,0,3,8,7,115,0.173913043478261,0.165217391304348,0.182608695652174,0.191304347826087,0.147826086956522,0.139130434782609,0.428571428571429,0.285714285714286,0.285714285714286
"692",73,64950,12,29,0,1,2,7,23,966,0.0124223602484472,0.0745341614906832,0,0.0652173913043478,0,0.847826086956522,0.478260869565217,0.0869565217391304,0.434782608695652
"693",39,44322,10,30,1,0,2,8,6,92,0.0326086956521739,0.434782608695652,0,0.0326086956521739,0,0.5,0.5,0,0.5
"694",41,30096,10,30,1,0,1,6,5,45,0.266666666666667,0.244444444444444,0.111111111111111,0.2,0.0666666666666667,0.111111111111111,0.4,0,0.6
"695",41,30096,10,30,1,0,1,6,5,45,0.266666666666667,0.244444444444444,0.111111111111111,0.2,0.0666666666666667,0.111111111111111,0.4,0,0.6
"696",47,56628,10,30,0,1,2,5,18,761,0.00919842312746386,0.107752956636005,0.0223390275952694,0.224704336399474,0.00657030223390276,0.629434954007884,0.388888888888889,0.333333333333333,0.277777777777778
"698",29,71163,10,30,0,0,1,1,23,960,0.14375,0.3875,0.110416666666667,0.0458333333333333,0.0177083333333333,0.294791666666667,0.130434782608696,0.347826086956522,0.521739130434783
"699",46,71022,10,30,0,1,3,8,18,1453,0,0.191328286304198,0.00825877494838266,0.16655196145905,0.00825877494838266,0.625602202339986,0.277777777777778,0.111111111111111,0.611111111111111
"700",70,42607,11,30,0,1,2,3,12,350,0.0857142857142857,0.16,0.0914285714285714,0.134285714285714,0.0828571428571429,0.445714285714286,0.25,0.166666666666667,0.583333333333333
"701",49,43057,11,30,0,1,4,5,11,266,0,0.165413533834586,0.0075187969924812,0.018796992481203,0.0075187969924812,0.800751879699248,0.363636363636364,0.181818181818182,0.454545454545455
"702",49,47808,11,30,0,1,2,7,8,224,0.00892857142857143,0.116071428571429,0,0.321428571428571,0.00446428571428571,0.549107142857143,0.375,0.25,0.375
"703",37,29236,11,30,1,0,2,9,7,99,0.161616161616162,0.242424242424242,0.0909090909090909,0.0909090909090909,0.0404040404040404,0.373737373737374,0.571428571428571,0,0.428571428571429
"704",55,40590,11,30,1,1,5,6,10,258,0.0232558139534884,0.193798449612403,0.0426356589147287,0.143410852713178,0,0.596899224806202,0.3,0.4,0.3
"705",55,40590,11,30,1,1,5,6,10,258,0.0232558139534884,0.193798449612403,0.0426356589147287,0.143410852713178,0,0.596899224806202,0.3,0.4,0.3
"706",65,77520,11,30,0,1,1,4,22,1526,0,0.259501965923984,0.0576671035386632,0.0380078636959371,0.0288335517693316,0.615989515072084,0.363636363636364,0.318181818181818,0.318181818181818
"707",43,40211,11,30,1,1,2,8,5,87,0.0229885057471264,0.0804597701149425,0.0114942528735632,0.28735632183908,0.0114942528735632,0.586206896551724,0.4,0.2,0.4
"709",50,53034,11,30,1,1,8,8,14,447,0.0335570469798658,0.438478747203579,0.0246085011185682,0.111856823266219,0.0335570469798658,0.357941834451902,0.428571428571429,0.0714285714285714,0.5
"711",42,79908,11,30,0,0,1,2,18,1772,0.0163656884875846,0.429458239277652,0.104401805869074,0.0626410835214447,0.0727990970654628,0.314334085778781,0.277777777777778,0.333333333333333,0.388888888888889
"712",38,69867,11,30,0,0,1,1,16,925,0.0356756756756757,0.553513513513514,0.140540540540541,0.0583783783783784,0,0.211891891891892,0.1875,0.3125,0.5
"713",58,70287,11,30,0,0,1,3,20,1093,0.110704483074108,0.440988106129918,0.109789569990851,0.0365965233302836,0.0320219579139982,0.269899359560842,0.25,0.25,0.5
"714",58,37070,11,30,1,1,9,7,14,433,0.0092378752886836,0.316397228637413,0.0346420323325635,0.0900692840646651,0.0161662817551963,0.533487297921478,0.357142857142857,0.0714285714285714,0.571428571428571
"715",58,37070,11,30,1,1,9,7,14,433,0.0092378752886836,0.316397228637413,0.0346420323325635,0.0900692840646651,0.0161662817551963,0.533487297921478,0.357142857142857,0.0714285714285714,0.571428571428571
"716",58,38179,11,30,1,1,4,7,7,90,0.0444444444444444,0.244444444444444,0.0222222222222222,0.222222222222222,0.0444444444444444,0.422222222222222,0.428571428571429,0.142857142857143,0.428571428571429
"717",41,39922,11,30,1,0,2,8,7,156,0.121794871794872,0.378205128205128,0.00641025641025641,0.230769230769231,0.0769230769230769,0.185897435897436,0.428571428571429,0,0.571428571428571
"718",41,39922,11,30,1,0,2,8,7,156,0.121794871794872,0.378205128205128,0.00641025641025641,0.230769230769231,0.0769230769230769,0.185897435897436,0.428571428571429,0,0.571428571428571
"719",41,39922,11,30,1,0,2,8,7,156,0.121794871794872,0.378205128205128,0.00641025641025641,0.230769230769231,0.0769230769230769,0.185897435897436,0.428571428571429,0,0.571428571428571
"720",61,64191,11,30,0,1,3,3,21,825,0.183030303030303,0.225454545454545,0.0460606060606061,0.0181818181818182,0.0181818181818182,0.509090909090909,0.238095238095238,0.142857142857143,0.619047619047619
"721",49,41658,12,30,1,1,2,4,4,72,0.208333333333333,0.166666666666667,0.0555555555555556,0.402777777777778,0.0555555555555556,0.111111111111111,0.25,0.25,0.5
"722",48,40780,12,30,0,1,4,9,13,377,0.0344827586206897,0.188328912466843,0.00795755968169761,0.0901856763925729,0.0716180371352785,0.607427055702918,0.538461538461538,0.0769230769230769,0.384615384615385
"724",39,66503,12,30,1,0,2,3,13,401,0.162094763092269,0.319201995012469,0.00748129675810474,0.124688279301746,0.159600997506234,0.226932668329177,0.307692307692308,0.230769230769231,0.461538461538462
"725",38,83512,10,31,0,0,1,1,21,2157,0.0370885489105239,0.387111729253593,0.00927213722763097,0.0468242929995364,0.0282800185442745,0.491423273064441,0.19047619047619,0.333333333333333,0.476190476190476
"726",60,31686,10,31,1,1,2,6,4,17,0,0.294117647058824,0,0.0588235294117647,0,0.647058823529412,0.25,0,0.75
"728",36,27938,10,31,1,0,1,3,5,29,0.0689655172413793,0.275862068965517,0.0344827586206897,0.172413793103448,0,0.448275862068966,0.2,0,0.8
"729",73,22263,10,31,1,1,2,6,4,21,0,0.0952380952380952,0,0.0952380952380952,0,0.80952380952381,0.25,0,0.75
"733",46,54162,11,31,1,1,1,4,4,42,0.142857142857143,0.238095238095238,0.119047619047619,0.238095238095238,0.142857142857143,0.119047619047619,0.25,0,0.75
"734",69,41769,11,31,0,1,6,8,16,521,0.0614203454894434,0.251439539347409,0,0.0518234165067179,0.0556621880998081,0.579654510556622,0.5,0.0625,0.4375
"736",46,37717,12,31,1,0,1,9,3,25,0.16,0.24,0.04,0.2,0,0.36,0.333333333333333,0,0.666666666666667
"737",46,37717,12,31,1,0,1,9,3,25,0.16,0.24,0.04,0.2,0,0.36,0.333333333333333,0,0.666666666666667
"739",49,67893,12,31,0,1,2,8,14,995,0.0492462311557789,0.142713567839196,0.0180904522613065,0.0472361809045226,0.0281407035175879,0.714572864321608,0.214285714285714,0.142857142857143,0.642857142857143
"740",71,69267,12,31,0,0,2,7,12,1635,0.0581039755351682,0.30519877675841,0.0446483180428135,0.0892966360856269,0.0269113149847095,0.475840978593272,0.25,0.333333333333333,0.416666666666667
"741",48,9548,12,31,1,0,2,8,4,29,0.344827586206897,0.103448275862069,0.206896551724138,0.310344827586207,0.0344827586206897,0,0.25,0,0.75
"742",66,68281,12,31,0,0,1,5,24,1655,0.0253776435045317,0.251963746223565,0.0290030211480363,0.024773413897281,0.0676737160120846,0.601208459214502,0.0833333333333333,0.375,0.541666666666667
"744",45,48526,11,32,1,0,1,3,7,135,0.318518518518519,0.17037037037037,0.148148148148148,0.0666666666666667,0.125925925925926,0.17037037037037,0.285714285714286,0.142857142857143,0.571428571428571
"745",33,90273,11,32,0,0,1,2,18,1991,0.060271220492215,0.428427925665495,0.0371672526368659,0.0557508789552988,0.0647915620291311,0.353591160220994,0.277777777777778,0.333333333333333,0.388888888888889
"747",66,79761,11,32,0,1,1,3,18,605,0.0247933884297521,0.20495867768595,0.0578512396694215,0.0181818181818182,0.00826446280991736,0.68595041322314,0.277777777777778,0.111111111111111,0.611111111111111
"748",73,53312,11,32,0,0,1,7,11,278,0,0.0431654676258993,0,0.0899280575539568,0,0.866906474820144,0.454545454545455,0.0909090909090909,0.454545454545455
"751",41,50150,11,32,0,0,2,5,14,410,0.158536585365854,0.224390243902439,0.148780487804878,0.0268292682926829,0.11219512195122,0.329268292682927,0.357142857142857,0.142857142857143,0.5
"752",41,50150,11,32,0,0,2,5,14,410,0.158536585365854,0.224390243902439,0.148780487804878,0.0268292682926829,0.11219512195122,0.329268292682927,0.357142857142857,0.142857142857143,0.5
"753",53,10245,11,32,1,0,3,5,5,41,0.146341463414634,0.170731707317073,0.0975609756097561,0.317073170731707,0.170731707317073,0.0975609756097561,0.2,0.4,0.4
"754",39,33454,11,32,1,0,2,8,8,169,0.0177514792899408,0.331360946745562,0.00591715976331361,0.136094674556213,0.0591715976331361,0.449704142011834,0.5,0,0.5
"755",72,40887,11,32,1,1,3,9,7,161,0.062111801242236,0.273291925465839,0.062111801242236,0.267080745341615,0.0248447204968944,0.31055900621118,0.428571428571429,0.142857142857143,0.428571428571429
"758",53,52914,11,32,0,1,2,7,13,575,0.0521739130434783,0.0765217391304348,0.0173913043478261,0.394782608695652,0.0173913043478261,0.441739130434783,0.538461538461538,0.230769230769231,0.230769230769231
"759",52,24884,12,32,1,0,1,7,3,19,0,0.368421052631579,0,0.157894736842105,0.31578947368421,0.157894736842105,0,0,1
"760",54,67384,12,32,0,1,2,5,20,1490,0.106040268456376,0.11744966442953,0.0355704697986577,0.0718120805369128,0.0268456375838926,0.642281879194631,0.35,0.4,0.25
"761",64,51651,12,32,0,1,4,8,13,433,0.0300230946882217,0.0531177829099307,0.0138568129330254,0.212471131639723,0.0138568129330254,0.676674364896074,0.461538461538462,0.153846153846154,0.384615384615385
"762",44,82497,12,32,0,0,1,4,18,1919,0.112558624283481,0.298593017196456,0.0109431995831162,0.10578426263679,0.0672225117248567,0.4048983845753,0.111111111111111,0.388888888888889,0.5
"763",61,32632,12,32,0,0,2,5,16,576,0.265625,0.237847222222222,0.0329861111111111,0.0920138888888889,0.262152777777778,0.109375,0.25,0.25,0.5
"764",61,33562,10,33,1,2,3,4,6,51,0,0.235294117647059,0.0588235294117647,0.0588235294117647,0.235294117647059,0.411764705882353,0.333333333333333,0,0.666666666666667
"765",57,79146,10,33,1,1,2,6,17,564,0.0372340425531915,0.395390070921986,0.076241134751773,0.0283687943262411,0.0283687943262411,0.434397163120567,0.470588235294118,0.0588235294117647,0.470588235294118
"766",57,79146,10,33,1,1,2,6,17,564,0.0372340425531915,0.395390070921986,0.076241134751773,0.0283687943262411,0.0283687943262411,0.434397163120567,0.470588235294118,0.0588235294117647,0.470588235294118
"767",43,36143,10,33,1,0,1,3,3,19,0,0.0526315789473684,0,0.31578947368421,0,0.631578947368421,0,0.333333333333333,0.666666666666667
"768",51,27159,10,33,1,1,2,6,4,21,0,0.142857142857143,0,0.0476190476190476,0,0.80952380952381,0.25,0,0.75
"770",59,76800,10,33,0,0,1,1,15,641,0.0546021840873635,0.397815912636505,0.110764430577223,0.126365054602184,0.0405616224648986,0.269890795631825,0.266666666666667,0.266666666666667,0.466666666666667
"771",37,75794,11,33,0,0,1,3,24,1682,0.0374554102259215,0.371581450653983,0.0190249702734839,0.0285374554102259,0.0951248513674197,0.448275862068966,0.291666666666667,0.208333333333333,0.5
"772",73,30833,11,33,1,1,2,5,4,28,0.107142857142857,0.25,0.0357142857142857,0.214285714285714,0,0.392857142857143,0.25,0,0.75
"773",75,26518,11,33,1,1,3,8,5,57,0.0526315789473684,0.491228070175439,0.0526315789473684,0.0350877192982456,0.0175438596491228,0.350877192982456,0.4,0,0.6
"774",43,91065,11,33,0,0,1,3,25,1474,0.121438263229308,0.073270013568521,0.092944369063772,0.0773405698778833,0.0773405698778833,0.557666214382632,0.28,0.36,0.36
"775",62,45183,11,33,0,0,1,7,12,315,0.0380952380952381,0.19047619047619,0.0285714285714286,0.0380952380952381,0.00952380952380952,0.695238095238095,0.333333333333333,0.0833333333333333,0.583333333333333
"777",53,30372,12,33,1,1,3,7,5,44,0.159090909090909,0.272727272727273,0.0681818181818182,0.159090909090909,0,0.340909090909091,0.4,0,0.6
"778",53,30372,12,33,1,1,3,7,5,44,0.159090909090909,0.272727272727273,0.0681818181818182,0.159090909090909,0,0.340909090909091,0.4,0,0.6
"779",49,57036,12,33,0,1,4,9,22,1513,0.0125578321216127,0.144745538664904,0.0092531394580304,0.0310641110376735,0.0284203569068077,0.773959021810972,0.272727272727273,0.136363636363636,0.590909090909091
"780",54,66731,12,33,0,1,4,3,13,1029,0.0563654033041788,0.188532555879495,0.103012633624879,0.137026239067055,0.154518950437318,0.360544217687075,0.307692307692308,0.230769230769231,0.461538461538462
"781",54,35682,10,34,1,0,1,2,5,57,0.105263157894737,0.140350877192982,0.0350877192982456,0.31578947368421,0,0.403508771929825,0.2,0.2,0.6
"782",35,10979,10,34,0,0,2,5,6,30,0.0666666666666667,0.333333333333333,0.0666666666666667,0.133333333333333,0.133333333333333,0.266666666666667,0.5,0,0.5
"783",35,10979,10,34,0,0,2,5,6,30,0.0666666666666667,0.333333333333333,0.0666666666666667,0.133333333333333,0.133333333333333,0.266666666666667,0.5,0,0.5
"784",59,57912,10,34,0,1,5,5,23,916,0,0.0873362445414847,0,0.0382096069868996,0,0.874454148471616,0.347826086956522,0.130434782608696,0.521739130434783
"785",52,36026,10,34,2,1,2,6,5,61,0.0983606557377049,0.163934426229508,0.0655737704918033,0.278688524590164,0.0655737704918033,0.327868852459016,0.4,0,0.6
"786",53,35788,10,34,1,1,2,6,5,44,0.0681818181818182,0.25,0.0227272727272727,0.0909090909090909,0.0454545454545455,0.522727272727273,0.4,0,0.6
"787",65,42243,11,34,1,1,2,7,5,55,0,0.0363636363636364,0,0.0909090909090909,0,0.872727272727273,0.4,0,0.6
"788",68,46086,11,34,0,1,4,4,12,343,0.0204081632653061,0.0932944606413994,0.00583090379008746,0.145772594752187,0.0233236151603499,0.711370262390671,0.25,0.0833333333333333,0.666666666666667
"790",53,33316,11,34,1,1,3,6,7,131,0.0305343511450382,0.236641221374046,0.0305343511450382,0.0916030534351145,0.00763358778625954,0.603053435114504,0.285714285714286,0.142857142857143,0.571428571428571
"791",53,33316,11,34,1,1,3,6,7,131,0.0305343511450382,0.236641221374046,0.0305343511450382,0.0916030534351145,0.00763358778625954,0.603053435114504,0.285714285714286,0.142857142857143,0.571428571428571
"792",37,21063,11,34,1,0,2,6,5,59,0.322033898305085,0.186440677966102,0.0508474576271186,0.254237288135593,0.169491525423729,0.0169491525423729,0.4,0,0.6
"793",54,33697,11,34,1,0,1,7,3,28,0,0.25,0.107142857142857,0.392857142857143,0.107142857142857,0.142857142857143,0.333333333333333,0,0.666666666666667
"794",46,25804,11,34,1,0,2,8,5,55,0.236363636363636,0.163636363636364,0.109090909090909,0.218181818181818,0.127272727272727,0.145454545454545,0.4,0,0.6
"795",47,72117,11,34,0,1,1,5,25,1073,0.0605778191985089,0.159366262814539,0.0559179869524697,0.0465983224603914,0.0186393289841566,0.658900279589935,0.36,0.28,0.36
"796",58,61286,11,34,0,1,2,5,16,608,0.03125,0.175986842105263,0.0148026315789474,0.192434210526316,0,0.585526315789474,0.4375,0.0625,0.5
"797",58,61286,11,34,0,1,2,5,16,608,0.03125,0.175986842105263,0.0148026315789474,0.192434210526316,0,0.585526315789474,0.4375,0.0625,0.5
"799",53,55635,12,34,0,1,4,6,17,590,0.0847457627118644,0.277966101694915,0.0830508474576271,0.0457627118644068,0.110169491525424,0.398305084745763,0.411764705882353,0.176470588235294,0.411764705882353
"801",52,75251,12,34,0,0,1,5,18,1890,0.0513227513227513,0.489417989417989,0.00952380952380952,0.00952380952380952,0.0587301587301587,0.381481481481481,0.388888888888889,0.333333333333333,0.277777777777778
"804",65,87195,10,35,0,0,1,1,19,1097,0.0455788514129444,0.628988149498633,0.0237010027347311,0.0346399270738377,0.0692798541476755,0.197812215132179,0.157894736842105,0.578947368421053,0.263157894736842
"805",43,42395,10,35,1,1,4,7,8,182,0.131868131868132,0.313186813186813,0.0824175824175824,0.137362637362637,0.0714285714285714,0.263736263736264,0.375,0.125,0.5
"808",73,94642,10,35,0,0,0,1,21,2211,0.0479421076436002,0.360470375395749,0.0646766169154229,0.0646766169154229,0.0646766169154229,0.397557666214383,0.238095238095238,0.333333333333333,0.428571428571429
"810",49,55801,11,35,1,1,6,7,15,527,0.0113851992409867,0.0967741935483871,0.00759013282732448,0.180265654648956,0.00759013282732448,0.696394686907021,0.466666666666667,0.133333333333333,0.4
"811",51,92955,11,35,0,0,1,2,22,1778,0.0174353205849269,0.520247469066367,0.0134983127109111,0.047244094488189,0.0118110236220472,0.389763779527559,0.272727272727273,0.318181818181818,0.409090909090909
"813",62,69627,11,35,0,1,2,5,21,861,0.198606271777003,0.249709639953542,0.0348432055749129,0.0615563298490128,0.186991869918699,0.268292682926829,0.380952380952381,0.0952380952380952,0.523809523809524
"814",54,78579,12,35,0,0,1,3,15,1812,0.119205298013245,0.302980132450331,0.0364238410596026,0.054635761589404,0.0364238410596026,0.450331125827815,0.333333333333333,0.4,0.266666666666667
"816",50,30899,12,35,1,0,2,6,4,33,0,0.242424242424242,0,0.0303030303030303,0,0.727272727272727,0.25,0,0.75
"817",60,78825,12,35,0,0,1,3,28,895,0.188826815642458,0.127374301675978,0.041340782122905,0.0201117318435754,0.08268156424581,0.539664804469274,0.178571428571429,0.357142857142857,0.464285714285714
"818",37,25545,12,35,1,0,3,6,7,210,0.0761904761904762,0.304761904761905,0.0571428571428571,0.404761904761905,0.00476190476190476,0.152380952380952,0.285714285714286,0.285714285714286,0.428571428571429
"819",53,47111,12,35,0,1,6,9,15,1092,0.10989010989011,0.14010989010989,0.102564102564103,0.0375457875457875,0.065018315018315,0.544871794871795,0.2,0.133333333333333,0.666666666666667
"820",69,49667,12,35,0,0,2,8,20,1396,0.0121776504297994,0.0859598853868195,0.00931232091690544,0.0279369627507163,0.0186246418338109,0.845988538681948,0.25,0.5,0.25
"823",52,25224,10,36,1,0,2,3,5,46,0.239130434782609,0.260869565217391,0.0434782608695652,0.173913043478261,0.195652173913043,0.0869565217391304,0.2,0.2,0.6
"825",57,28420,11,36,1,0,1,6,3,13,0.153846153846154,0.384615384615385,0,0,0.153846153846154,0.307692307692308,0.333333333333333,0,0.666666666666667
"826",47,32952,11,36,1,0,1,7,5,55,0.0545454545454545,0.218181818181818,0.0181818181818182,0.0181818181818182,0,0.690909090909091,0.4,0,0.6
"827",49,46149,11,36,0,1,5,5,13,362,0.0110497237569061,0.196132596685083,0,0.074585635359116,0.0165745856353591,0.701657458563536,0.384615384615385,0.0769230769230769,0.538461538461538
"831",65,35701,11,36,0,0,1,6,4,46,0.152173913043478,0.195652173913043,0.0652173913043478,0.108695652173913,0.0217391304347826,0.456521739130435,0.25,0,0.75
"832",41,89616,11,36,0,0,1,2,24,1644,0.0881995133819951,0.398418491484185,0.0675182481751825,0.00912408759124088,0.0285888077858881,0.408150851581508,0.291666666666667,0.208333333333333,0.5
"834",76,78427,12,36,0,0,3,3,20,1930,0.0932642487046632,0.308290155440414,0.0134715025906736,0.0715025906735751,0.00984455958549223,0.503626943005181,0.15,0.35,0.5
"835",38,22518,12,36,1,0,2,5,5,61,0.0327868852459016,0.19672131147541,0.0327868852459016,0.442622950819672,0.114754098360656,0.180327868852459,0.4,0.2,0.4
"836",48,59809,12,36,0,2,3,8,12,877,0.0364880273660205,0.160775370581528,0.0467502850627138,0.0558722919042189,0.0182440136830103,0.681870011402509,0.25,0.25,0.5
"837",42,39660,12,36,1,0,3,9,11,299,0.0668896321070234,0.260869565217391,0.0434782608695652,0.120401337792642,0.0434782608695652,0.464882943143813,0.636363636363636,0.0909090909090909,0.272727272727273
"840",51,35860,10,37,1,1,2,5,4,49,0.0816326530612245,0.163265306122449,0.0408163265306122,0.408163265306122,0,0.306122448979592,0.25,0.25,0.5
"841",51,35860,10,37,1,1,2,5,4,49,0.0816326530612245,0.163265306122449,0.0408163265306122,0.408163265306122,0,0.306122448979592,0.25,0.25,0.5
"842",51,35860,10,37,1,1,2,5,4,49,0.0816326530612245,0.163265306122449,0.0408163265306122,0.408163265306122,0,0.306122448979592,0.25,0.25,0.5
"843",74,76842,10,37,0,0,1,0,16,1130,0.0743362831858407,0.305309734513274,0.047787610619469,0.0283185840707965,0.00884955752212389,0.535398230088496,0.0625,0.5,0.4375
"844",73,15033,10,37,0,0,1,3,4,19,0.31578947368421,0.263157894736842,0,0.210526315789474,0.210526315789474,0,0.25,0,0.75
"845",54,67353,11,37,0,1,5,2,23,913,0,0.16538882803943,0.00876232201533406,0.0383351588170865,0.0186199342825849,0.768893756845564,0.217391304347826,0.260869565217391,0.521739130434783
"846",49,17003,11,37,1,0,3,5,6,38,0.105263157894737,0.31578947368421,0.210526315789474,0.184210526315789,0.131578947368421,0.0526315789473684,0.333333333333333,0,0.666666666666667
"848",53,45684,11,37,1,0,1,7,3,28,0.357142857142857,0.178571428571429,0,0.25,0.0357142857142857,0.178571428571429,0.333333333333333,0,0.666666666666667
"850",46,51267,11,37,1,1,4,4,11,270,0.0259259259259259,0.237037037037037,0.00740740740740741,0.0444444444444444,0.00740740740740741,0.677777777777778,0.272727272727273,0.272727272727273,0.454545454545455
"852",33,51373,11,37,0,0,1,4,11,393,0.162849872773537,0.256997455470738,0.0661577608142494,0.297709923664122,0.00508905852417303,0.211195928753181,0.272727272727273,0.454545454545455,0.272727272727273
"855",74,54432,11,37,2,1,1,4,4,38,0,0.131578947368421,0,0,0,0.868421052631579,0.25,0,0.75
"856",40,79607,11,37,0,0,1,1,15,1923,0.0899635985439418,0.494539781591264,0,0.112324492979719,0.0691627665106604,0.234009360374415,0.2,0.4,0.4
"857",52,51813,11,37,1,1,2,7,5,63,0,0.111111111111111,0.0158730158730159,0.0317460317460317,0.0317460317460317,0.80952380952381,0.4,0,0.6
"858",35,17487,11,37,1,0,1,7,3,18,0.388888888888889,0.0555555555555556,0.222222222222222,0.333333333333333,0,0,0.333333333333333,0,0.666666666666667
"860",65,62859,12,37,0,1,4,6,19,1307,0.0122417750573833,0.0780413159908187,0.00918133129303749,0.0191277735271614,0.0680948737566947,0.813312930374904,0.473684210526316,0.210526315789474,0.31578947368421
"861",66,61074,12,37,0,1,7,7,24,1102,0,0.120689655172414,0.0254083484573503,0.137931034482759,0,0.715970961887477,0.458333333333333,0.208333333333333,0.333333333333333
"862",55,43638,12,37,0,1,2,7,9,201,0.0348258706467662,0.412935323383085,0.0945273631840796,0.0945273631840796,0.0497512437810945,0.313432835820896,0.444444444444444,0.111111111111111,0.444444444444444
"863",68,58116,10,38,0,1,2,2,14,443,0.0090293453724605,0.293453724604966,0.0248306997742664,0.115124153498871,0.0428893905191874,0.514672686230248,0.214285714285714,0.214285714285714,0.571428571428571
"864",55,62187,10,38,0,1,3,4,18,636,0,0.130503144654088,0,0.0644654088050314,0,0.80503144654088,0.333333333333333,0.111111111111111,0.555555555555556
"865",70,46344,10,38,1,1,2,5,4,27,0.0740740740740741,0.222222222222222,0.037037037037037,0.222222222222222,0.037037037037037,0.407407407407407,0.25,0.25,0.5
"866",44,77353,11,38,0,1,2,4,18,670,0.102985074626866,0.159701492537313,0.150746268656716,0.0880597014925373,0.0880597014925373,0.41044776119403,0.333333333333333,0.222222222222222,0.444444444444444
"867",58,69759,11,38,0,0,3,3,15,1029,0.0126336248785228,0.499514091350826,0.0291545189504373,0,0.0194363459669582,0.439261418853256,0.266666666666667,0.4,0.333333333333333
"868",38,21846,11,38,1,0,4,8,7,84,0.0714285714285714,0.214285714285714,0.119047619047619,0.30952380952381,0.202380952380952,0.0833333333333333,0.571428571428571,0,0.428571428571429
"870",59,70053,11,38,0,1,3,5,23,1012,0.0800395256916996,0.0968379446640316,0.176877470355731,0.0879446640316206,0.0523715415019763,0.505928853754941,0.347826086956522,0.217391304347826,0.434782608695652
"871",66,75342,11,38,0,1,1,4,17,563,0.0373001776198934,0.172291296625222,0.209591474245115,0.0461811722912966,0.172291296625222,0.36234458259325,0.294117647058824,0.117647058823529,0.588235294117647
"873",51,51148,11,38,1,1,4,6,12,315,0.0253968253968254,0.142857142857143,0.0285714285714286,0.0380952380952381,0.019047619047619,0.746031746031746,0.416666666666667,0.0833333333333333,0.5
"874",61,33378,11,38,1,1,3,7,6,99,0.0303030303030303,0.404040404040404,0.0707070707070707,0.101010101010101,0.0606060606060606,0.333333333333333,0.333333333333333,0,0.666666666666667
"875",51,32644,11,38,1,0,4,8,14,413,0,0.341404358353511,0.0169491525423729,0.0556900726392252,0.00726392251815981,0.578692493946731,0.5,0.0714285714285714,0.428571428571429
"876",55,33581,11,38,2,0,1,8,3,17,0,0.294117647058824,0,0.0588235294117647,0,0.647058823529412,0.333333333333333,0,0.666666666666667
"877",46,12393,12,38,0,0,1,9,5,57,0.192982456140351,0.263157894736842,0.12280701754386,0.228070175438596,0.105263157894737,0.087719298245614,0.4,0,0.6
"878",40,42710,12,38,1,0,2,6,12,406,0.00985221674876847,0.103448275862069,0.00738916256157635,0.251231527093596,0.00738916256157635,0.620689655172414,0.333333333333333,0.416666666666667,0.25
"879",67,82347,12,38,0,0,1,3,24,1853,0.109012412304371,0.456017269293038,0.0717754991905019,0.0339989206691851,0.0291419320021587,0.300053966540745,0.291666666666667,0.291666666666667,0.416666666666667
"880",67,82347,12,38,0,0,1,3,24,1853,0.109012412304371,0.456017269293038,0.0717754991905019,0.0339989206691851,0.0291419320021587,0.300053966540745,0.291666666666667,0.291666666666667,0.416666666666667
"881",69,22554,12,38,1,1,4,5,6,41,0,0.24390243902439,0,0.0975609756097561,0,0.658536585365854,0.333333333333333,0,0.666666666666667
"882",37,17323,12,38,0,0,1,8,4,46,0.130434782608696,0.369565217391304,0.0217391304347826,0.108695652173913,0.304347826086957,0.0652173913043478,0.25,0,0.75
"883",64,62204,12,38,0,2,1,3,21,946,0.159619450317125,0.261099365750529,0.0486257928118393,0.146934460887949,0.0486257928118393,0.335095137420719,0.19047619047619,0.238095238095238,0.571428571428571
"884",68,78028,12,38,0,1,1,7,19,528,0.0473484848484848,0.545454545454545,0,0.071969696969697,0.0359848484848485,0.299242424242424,0.31578947368421,0.210526315789474,0.473684210526316
"885",62,63887,12,38,0,1,5,6,27,1245,0.0120481927710843,0.166265060240964,0.00883534136546185,0.0738955823293173,0.0184738955823293,0.720481927710843,0.333333333333333,0.222222222222222,0.444444444444444
"888",59,61482,10,39,0,0,1,2,11,299,0.0535117056856187,0.22742474916388,0.220735785953177,0.1438127090301,0.193979933110368,0.160535117056856,0.272727272727273,0.181818181818182,0.545454545454545
"889",54,20587,10,39,1,0,1,7,4,25,0.16,0.24,0.04,0.36,0.12,0.08,0.25,0.25,0.5
"890",54,20587,10,39,1,0,1,7,4,25,0.16,0.24,0.04,0.36,0.12,0.08,0.25,0.25,0.5
"893",56,19329,11,39,1,0,3,8,7,60,0.2,0.266666666666667,0.0333333333333333,0.0833333333333333,0.0166666666666667,0.4,0.571428571428571,0,0.428571428571429
"894",53,34109,11,39,0,1,1,4,3,22,0.0909090909090909,0.227272727272727,0.0454545454545455,0.181818181818182,0.0454545454545455,0.409090909090909,0,0,1
"895",38,23477,11,39,1,0,3,8,7,147,0.0204081632653061,0.36734693877551,0.054421768707483,0.197278911564626,0.102040816326531,0.258503401360544,0.428571428571429,0,0.571428571428571
"897",48,14849,11,39,1,0,3,8,6,65,0.0461538461538462,0.430769230769231,0.0307692307692308,0.138461538461538,0.0307692307692308,0.323076923076923,0.333333333333333,0,0.666666666666667
"898",46,26224,11,39,1,0,3,6,6,63,0.206349206349206,0.238095238095238,0.142857142857143,0.238095238095238,0.111111111111111,0.0634920634920635,0.333333333333333,0.166666666666667,0.5
"899",62,27238,11,39,1,1,3,9,6,57,0,0.298245614035088,0,0.0526315789473684,0,0.649122807017544,0.5,0,0.5
"901",62,57967,11,39,0,1,5,5,14,468,0.00854700854700855,0.292735042735043,0,0.194444444444444,0.014957264957265,0.489316239316239,0.285714285714286,0.142857142857143,0.571428571428571
"902",75,51569,11,39,0,1,4,8,15,467,0.012847965738758,0.100642398286938,0,0.0728051391862955,0,0.813704496788009,0.466666666666667,0.0666666666666667,0.466666666666667
"903",70,72550,12,39,1,1,9,8,19,1319,0.0379075056861259,0.240333586050038,0.0288097043214556,0.0288097043214556,0.0379075056861259,0.626231993934799,0.263157894736842,0.105263157894737,0.631578947368421
"904",54,44511,12,39,1,0,6,8,20,727,0.063273727647868,0.182943603851444,0.0192572214580468,0.0192572214580468,0.00962861072902338,0.705639614855571,0.4,0.2,0.4
"905",69,62972,12,39,0,1,2,6,14,587,0.0340715502555366,0.0800681431005111,0,0.327086882453152,0.0255536626916525,0.533219761499148,0.5,0.285714285714286,0.214285714285714
"906",69,62972,12,39,0,1,2,6,14,587,0.0340715502555366,0.0800681431005111,0,0.327086882453152,0.0255536626916525,0.533219761499148,0.5,0.285714285714286,0.214285714285714
"908",49,36663,10,40,1,0,1,2,5,35,0.0857142857142857,0.171428571428571,0.0857142857142857,0.142857142857143,0,0.514285714285714,0.2,0.2,0.6
"909",48,53204,10,40,1,1,1,4,4,45,0.0444444444444444,0.177777777777778,0,0.133333333333333,0,0.644444444444444,0.25,0,0.75
"910",42,21059,10,40,1,0,3,6,6,44,0.0681818181818182,0.431818181818182,0.0681818181818182,0.181818181818182,0.0681818181818182,0.181818181818182,0.5,0,0.5
"911",71,67087,11,40,0,1,2,4,20,794,0.163727959697733,0.279596977329975,0.044080604534005,0.0541561712846348,0.044080604534005,0.414357682619647,0.35,0.25,0.4
"912",71,73892,11,40,0,0,1,1,22,1507,0,0.398805573988056,0.0384870603848706,0.0285335102853351,0.0676841406768414,0.466489714664897,0.136363636363636,0.5,0.363636363636364
"914",76,42192,11,40,0,0,1,4,6,100,0.17,0.15,0.06,0.07,0.15,0.4,0.333333333333333,0.166666666666667,0.5
"915",64,31454,11,40,1,1,3,8,5,48,0,0.229166666666667,0,0.1875,0,0.583333333333333,0.4,0,0.6
"919",52,80134,11,40,1,0,2,6,14,1690,0.0615384615384615,0.16094674556213,0,0.0473372781065089,0.00946745562130178,0.720710059171598,0.357142857142857,0.214285714285714,0.428571428571429
"920",52,80134,11,40,1,0,2,6,14,1690,0.0615384615384615,0.16094674556213,0,0.0473372781065089,0.00946745562130178,0.720710059171598,0.357142857142857,0.214285714285714,0.428571428571429
"921",52,14188,11,40,0,0,1,6,6,75,0.213333333333333,0.146666666666667,0.16,0.36,0.0933333333333333,0.0266666666666667,0.333333333333333,0,0.666666666666667
"922",39,18169,11,40,1,0,1,8,3,21,0,0.238095238095238,0,0.333333333333333,0,0.428571428571429,0.333333333333333,0,0.666666666666667
"923",68,62503,11,40,0,1,4,5,22,973,0.113052415210689,0.198355601233299,0.0770811921891059,0.120246659815005,0,0.491264131551901,0.363636363636364,0.136363636363636,0.5
"924",70,46734,12,40,0,1,2,7,12,330,0.0787878787878788,0.415151515151515,0.0696969696969697,0.0878787878787879,0.0151515151515152,0.333333333333333,0.5,0.0833333333333333,0.416666666666667
"925",33,68126,12,40,0,0,1,9,16,1820,0.0126373626373626,0.170879120879121,0.028021978021978,0.0472527472527473,0.00934065934065934,0.731868131868132,0.4375,0.25,0.3125
"926",70,52869,12,40,1,1,3,7,8,172,0.0116279069767442,0.354651162790698,0.00581395348837209,0.122093023255814,0.0174418604651163,0.488372093023256,0.375,0.125,0.5
"927",38,26576,12,40,1,0,1,9,3,27,0,0.296296296296296,0,0.333333333333333,0,0.37037037037037,0.333333333333333,0,0.666666666666667
"928",48,75825,12,40,0,0,0,4,22,2209,0.0620190131281123,0.352648257129923,0.04753282028067,0.0230873698506111,0.04753282028067,0.467179719330014,0.227272727272727,0.363636363636364,0.409090909090909
"929",74,57045,12,40,0,1,3,3,15,454,0.0242290748898678,0.229074889867841,0.0286343612334802,0.0374449339207048,0.0286343612334802,0.651982378854626,0.266666666666667,0.133333333333333,0.6
"931",51,27803,12,40,1,0,2,8,7,176,0.215909090909091,0.261363636363636,0.0511363636363636,0.278409090909091,0.147727272727273,0.0454545454545455,0.428571428571429,0,0.571428571428571
"932",49,69283,10,41,0,1,4,5,23,904,0,0.148230088495575,0.0287610619469027,0.00884955752212389,0.0685840707964602,0.745575221238938,0.304347826086957,0.130434782608696,0.565217391304348
"933",32,18746,10,41,1,0,2,6,6,64,0.1875,0.171875,0.140625,0.3125,0.15625,0.03125,0.5,0,0.5
"934",59,70924,10,41,0,0,1,3,19,1363,0.0968451944240646,0.186353631694791,0.111518708730741,0.0557593543653705,0.0836390315480558,0.465884079236977,0.31578947368421,0.31578947368421,0.368421052631579
"935",59,70924,10,41,0,0,1,3,19,1363,0.0968451944240646,0.186353631694791,0.111518708730741,0.0557593543653705,0.0836390315480558,0.465884079236977,0.31578947368421,0.31578947368421,0.368421052631579
"937",48,75012,10,41,0,0,1,1,22,1027,0.15968841285297,0.212268743914314,0.056475170399221,0.147030185004869,0.138266796494645,0.286270691333982,0.136363636363636,0.363636363636364,0.5
"940",38,27161,11,41,1,0,1,7,4,52,0.134615384615385,0.442307692307692,0,0.211538461538462,0.0769230769230769,0.134615384615385,0.25,0,0.75
"941",63,64325,11,41,0,1,5,7,18,1307,0.0596786534047437,0.27008416220352,0.00918133129303749,0.0558530986993114,0.0459066564651875,0.5592960979342,0.555555555555556,0.166666666666667,0.277777777777778
"942",51,18978,12,41,1,0,1,8,4,37,0.108108108108108,0.027027027027027,0.189189189189189,0.405405405405405,0.216216216216216,0.0540540540540541,0.25,0,0.75
"943",47,41124,12,41,1,0,7,8,14,506,0.0296442687747036,0.16600790513834,0,0.235177865612648,0.0138339920948617,0.555335968379447,0.5,0.214285714285714,0.285714285714286
"944",40,39684,12,41,1,0,2,7,5,81,0.0740740740740741,0.432098765432099,0.0493827160493827,0.209876543209877,0,0.234567901234568,0.4,0.2,0.4
"945",61,53378,12,41,1,1,10,8,19,793,0.0100882723833544,0.191677175283733,0.00756620428751576,0.166456494325347,0.00756620428751576,0.616645649432535,0.473684210526316,0.210526315789474,0.31578947368421
"946",42,37040,12,41,0,0,1,8,11,316,0.218354430379747,0.231012658227848,0.120253164556962,0.151898734177215,0.00632911392405063,0.272151898734177,0.363636363636364,0.181818181818182,0.454545454545455
"947",47,78710,10,42,0,1,3,4,25,1092,0.108974358974359,0.139194139194139,0.0457875457875458,0.0457875457875458,0,0.66025641025641,0.28,0.24,0.48
"948",38,92910,10,42,0,0,1,1,26,1795,0.0997214484679666,0.441225626740947,0.0573816155988858,0.0183844011142061,0.0763231197771588,0.306963788300836,0.230769230769231,0.269230769230769,0.5
"953",66,51412,11,42,0,1,2,4,9,195,0.0205128205128205,0.148717948717949,0.0256410256410256,0.0717948717948718,0.0153846153846154,0.717948717948718,0.333333333333333,0.222222222222222,0.444444444444444
"954",72,63998,11,42,0,0,1,4,24,1168,0,0.700342465753425,0.0282534246575342,0.0958904109589041,0.0248287671232877,0.150684931506849,0.291666666666667,0.25,0.458333333333333
"955",46,38593,11,42,1,0,3,8,8,177,0.096045197740113,0.27683615819209,0.135593220338983,0.135593220338983,0.0677966101694915,0.288135593220339,0.5,0.125,0.375
"956",47,27889,11,42,1,0,1,6,4,26,0,0.153846153846154,0,0.307692307692308,0,0.538461538461538,0.25,0.25,0.5
"957",44,45889,11,42,0,1,1,6,4,46,0,0.130434782608696,0.0217391304347826,0.173913043478261,0,0.673913043478261,0.25,0,0.75
"959",45,16014,11,42,1,1,4,3,6,38,0.184210526315789,0.105263157894737,0.210526315789474,0.184210526315789,0.236842105263158,0.0789473684210526,0.166666666666667,0.166666666666667,0.666666666666667
"961",48,70893,11,42,0,0,1,3,22,1508,0.0510610079575597,0.372015915119363,0.0291777188328912,0.00928381962864721,0.0291777188328912,0.509283819628647,0.272727272727273,0.272727272727273,0.454545454545455
"962",45,2447,11,42,1,0,15,1,28,1730,0.000578034682080925,0.997109826589595,0.000578034682080925,0.000578034682080925,0.000578034682080925,0.000578034682080925,0,1,0
"963",67,64849,12,42,0,0,1,5,18,1336,0.0703592814371257,0.261976047904192,0.062874251497006,0.0808383233532934,0.0359281437125748,0.488023952095808,0.5,0.166666666666667,0.333333333333333
"964",35,42387,12,42,1,0,5,8,16,684,0.0277777777777778,0.343567251461988,0.00584795321637427,0.279239766081871,0,0.343567251461988,0.5,0.0625,0.4375
"965",29,80617,12,42,0,0,1,2,18,1435,0.0501742160278746,0.439721254355401,0.0383275261324042,0.0222996515679443,0.0355400696864112,0.413937282229965,0.222222222222222,0.333333333333333,0.444444444444444
"969",40,18988,10,43,1,0,2,7,4,16,0.125,0.375,0.0625,0.0625,0,0.375,0.25,0,0.75
"970",59,81051,10,43,0,0,1,2,22,1501,0.0253164556962025,0.165889407061959,0.0193204530313125,0.00932711525649567,0.0193204530313125,0.760826115922718,0.227272727272727,0.227272727272727,0.545454545454545
"971",36,39747,10,43,1,0,3,8,10,273,0.0732600732600733,0.340659340659341,0.0476190476190476,0.19047619047619,0.0549450549450549,0.293040293040293,0.5,0.1,0.4
"972",65,34554,10,43,0,1,2,6,5,55,0.0363636363636364,0.109090909090909,0,0.0909090909090909,0.0181818181818182,0.745454545454545,0.4,0,0.6
"973",65,52854,10,43,1,1,2,5,7,116,0,0.0862068965517241,0.00862068965517241,0,0,0.905172413793103,0.285714285714286,0.142857142857143,0.571428571428571
"975",54,69084,11,43,1,0,2,8,23,1586,0.0245901639344262,0.12547288776797,0.0189155107187894,0.0189155107187894,0.0674653215636822,0.744640605296343,0.304347826086957,0.130434782608696,0.565217391304348
"976",54,69084,11,43,1,0,2,8,23,1586,0.0245901639344262,0.12547288776797,0.0189155107187894,0.0189155107187894,0.0674653215636822,0.744640605296343,0.304347826086957,0.130434782608696,0.565217391304348
"977",50,65352,11,43,0,1,2,4,14,405,0.00987654320987654,0.207407407407407,0.017283950617284,0.0567901234567901,0.00740740740740741,0.701234567901235,0.285714285714286,0.142857142857143,0.571428571428571
"978",52,22063,11,43,1,0,2,7,5,55,0.0545454545454545,0.236363636363636,0.2,0.2,0.181818181818182,0.127272727272727,0.4,0,0.6
"979",45,47691,11,43,0,1,1,6,3,21,0,0.142857142857143,0,0.19047619047619,0,0.666666666666667,0.333333333333333,0,0.666666666666667
"980",56,29187,11,43,1,0,1,8,4,34,0,0.176470588235294,0,0.0588235294117647,0,0.764705882352941,0.25,0,0.75
"981",52,72504,11,43,0,1,2,2,20,1478,0.0832205683355886,0.317997293640054,0.10893098782138,0.0635994587280108,0.0175913396481732,0.408660351826793,0.25,0.45,0.3
"982",54,33986,11,43,1,0,1,7,4,44,0.0454545454545455,0.409090909090909,0.0227272727272727,0.113636363636364,0.0454545454545455,0.363636363636364,0.25,0,0.75
"985",71,36957,12,43,1,1,4,9,7,152,0.0131578947368421,0.105263157894737,0.00657894736842105,0.203947368421053,0.0131578947368421,0.657894736842105,0.428571428571429,0.285714285714286,0.285714285714286
"987",57,42664,10,44,0,1,1,6,4,24,0,0.125,0,0,0,0.875,0.25,0,0.75
"989",73,78497,11,44,0,0,1,2,24,978,0.0766871165644172,0.457055214723926,0,0.2280163599182,0.0265848670756646,0.211656441717791,0.208333333333333,0.291666666666667,0.5
"990",73,78497,11,44,0,0,1,2,24,978,0.0766871165644172,0.457055214723926,0,0.2280163599182,0.0265848670756646,0.211656441717791,0.208333333333333,0.291666666666667,0.5
"993",63,80950,11,44,0,0,1,2,22,1213,0.180544105523495,0.0923330585325639,0.12118713932399,0.0519373454245672,0.12118713932399,0.432811211871393,0.272727272727273,0.318181818181818,0.409090909090909
"994",44,30732,11,44,1,0,4,8,9,185,0,0.135135135135135,0.00540540540540541,0.0162162162162162,0.00540540540540541,0.837837837837838,0.444444444444444,0.111111111111111,0.444444444444444
"995",58,89572,12,44,0,0,1,4,23,2059,0.095677513355998,0.473045167557067,0.0942204953861098,0.0310830500242836,0.0116561437591064,0.294317629917436,0.304347826086957,0.304347826086957,0.391304347826087
"996",56,57107,12,44,0,1,7,8,16,416,0,0.288461538461538,0,0.329326923076923,0,0.382211538461538,0.25,0.25,0.5
"997",54,76467,12,44,1,0,2,6,12,1575,0.133333333333333,0.27047619047619,0.0279365079365079,0.0368253968253968,0.102222222222222,0.429206349206349,0.166666666666667,0.416666666666667,0.416666666666667
"1000",58,43602,10,45,1,1,3,6,6,68,0.147058823529412,0.176470588235294,0.0441176470588235,0.279411764705882,0.0735294117647059,0.279411764705882,0.5,0.166666666666667,0.333333333333333
"1001",46,38643,11,45,1,1,2,7,5,49,0,0.285714285714286,0.0204081632653061,0.204081632653061,0.0408163265306122,0.448979591836735,0.4,0,0.6
"1002",73,49090,11,45,0,1,3,7,18,688,0.0101744186046512,0.119186046511628,0,0.145348837209302,0.00726744186046512,0.718023255813954,0.388888888888889,0.111111111111111,0.5
"1003",54,70617,11,45,0,0,1,2,13,1280,0.03125,0.58828125,0.0359375,0.02109375,0.04765625,0.27578125,0.230769230769231,0.230769230769231,0.538461538461538
"1004",54,67536,11,45,0,1,3,8,27,1829,0.0125751776927283,0.244395844723893,0.038819026790596,0.0191361399671952,0,0.685073810825588,0.407407407407407,0.185185185185185,0.407407407407407
"1005",49,27573,11,45,1,0,4,8,10,244,0.15983606557377,0.450819672131148,0.0614754098360656,0.0614754098360656,0.0614754098360656,0.204918032786885,0.5,0.1,0.4
"1006",45,13533,11,45,1,0,2,7,5,48,0.166666666666667,0.166666666666667,0,0.354166666666667,0.0625,0.25,0.4,0,0.6
"1007",71,50725,11,45,0,1,4,8,17,586,0,0.127986348122867,0.0170648464163823,0.0819112627986348,0.0170648464163823,0.755972696245734,0.470588235294118,0.0588235294117647,0.470588235294118
"1009",46,57113,11,45,1,1,6,7,10,263,0,0.125475285171103,0.00760456273764259,0.159695817490494,0.0152091254752852,0.692015209125475,0.4,0.1,0.5
"1011",42,68627,11,45,0,0,1,1,11,825,0.0727272727272727,0.318787878787879,0.0654545454545455,0.0460606060606061,0.0181818181818182,0.478787878787879,0.181818181818182,0.272727272727273,0.545454545454545
"1012",41,25271,12,45,1,0,1,9,4,50,0.2,0.36,0.08,0.14,0.02,0.2,0.25,0.25,0.5
"1013",58,63810,12,45,0,1,4,8,19,1371,0.0116703136396791,0.184536834427425,0.0087527352297593,0.0736688548504741,0.0087527352297593,0.712618526622903,0.210526315789474,0.157894736842105,0.631578947368421
"1014",58,63810,12,45,0,1,4,8,19,1371,0.0116703136396791,0.184536834427425,0.0087527352297593,0.0736688548504741,0.0087527352297593,0.712618526622903,0.210526315789474,0.157894736842105,0.631578947368421
"1016",69,36927,10,46,1,1,2,8,6,71,0,0.225352112676056,0,0.0563380281690141,0,0.71830985915493,0.5,0,0.5
"1017",47,22108,10,46,1,1,2,7,5,31,0.193548387096774,0.290322580645161,0.0645161290322581,0.193548387096774,0.0967741935483871,0.161290322580645,0.4,0,0.6
"1018",75,72025,10,46,0,0,1,2,25,1677,0.0256410256410256,0.367918902802624,0.0298151460942159,0,0,0.576624925462135,0.16,0.32,0.52
"1019",49,33183,10,46,1,0,2,7,7,120,0.141666666666667,0.325,0.125,0.308333333333333,0.0416666666666667,0.0583333333333333,0.571428571428571,0,0.428571428571429
"1022",63,45938,11,46,0,0,2,6,18,636,0.0974842767295598,0.279874213836478,0.130503144654088,0.0455974842767296,0.0172955974842767,0.429245283018868,0.444444444444444,0.222222222222222,0.333333333333333
"1023",36,66951,11,46,0,0,1,1,14,1117,0.154879140555058,0.273052820053715,0.0680393912264995,0.11101163831692,0.14503133393017,0.247985675917637,0.214285714285714,0.285714285714286,0.5
"1027",55,75759,11,46,0,0,1,5,25,2486,0.0358004827031376,0.284794851166533,0.0366049879324216,0.0732099758648431,0.00884955752212389,0.560740144810941,0.36,0.28,0.36
"1028",35,33996,11,46,0,0,1,4,5,71,0.112676056338028,0.211267605633803,0,0.0845070422535211,0.028169014084507,0.563380281690141,0.2,0.2,0.6
"1029",35,33996,11,46,0,0,1,4,5,71,0.112676056338028,0.211267605633803,0,0.0845070422535211,0.028169014084507,0.563380281690141,0.2,0.2,0.6
"1030",54,54137,11,46,0,1,2,6,9,203,0,0.0541871921182266,0.00492610837438424,0.0985221674876847,0,0.842364532019704,0.444444444444444,0.111111111111111,0.444444444444444
"1031",57,61223,11,46,0,1,2,5,16,1341,0.0313199105145414,0.135719612229679,0.0879940343027591,0.184190902311708,0.0320656226696495,0.528709917971663,0.5625,0.1875,0.25
"1032",56,69674,11,46,0,2,3,5,22,845,0.0130177514792899,0.254437869822485,0,0.0284023668639053,0.0485207100591716,0.655621301775148,0.454545454545455,0.0909090909090909,0.454545454545455
"1033",52,49494,11,46,1,0,2,7,12,385,0,0.251948051948052,0.0155844155844156,0.212987012987013,0.0233766233766234,0.496103896103896,0.5,0.0833333333333333,0.416666666666667
"1035",49,37284,11,46,1,1,1,6,3,23,0.0869565217391304,0.0869565217391304,0.0434782608695652,0.260869565217391,0.0434782608695652,0.478260869565217,0,0,1
"1036",49,37284,11,46,1,1,1,6,3,23,0.0869565217391304,0.0869565217391304,0.0434782608695652,0.260869565217391,0.0434782608695652,0.478260869565217,0,0,1
"1038",70,70044,11,46,0,1,4,5,22,1504,0.101728723404255,0.166223404255319,0.00930851063829787,0.00930851063829787,0,0.71343085106383,0.318181818181818,0.454545454545455,0.227272727272727
"1040",43,24480,11,46,1,0,3,7,7,102,0.274509803921569,0.0882352941176471,0.245098039215686,0.166666666666667,0.186274509803922,0.0392156862745098,0.428571428571429,0,0.571428571428571
"1041",47,54233,11,46,0,1,4,8,22,981,0.0214067278287462,0.161060142711519,0,0.144750254841998,0.00815494393476045,0.664627930682977,0.5,0.272727272727273,0.227272727272727
"1042",70,36130,11,46,0,1,6,4,15,488,0.139344262295082,0.260245901639344,0.114754098360656,0.0758196721311475,0.0881147540983607,0.32172131147541,0.2,0.533333333333333,0.266666666666667
"1044",32,92859,12,46,0,0,1,2,21,2077,0.0250361097737121,0.443428021184401,0.0293692826191623,0.00962927298988926,0.0293692826191623,0.463168030813674,0.238095238095238,0.19047619047619,0.571428571428571
"1046",61,80124,10,47,0,0,1,1,18,1495,0.137123745819398,0.266220735785953,0.0561872909698997,0.161204013377926,0.0561872909698997,0.323076923076923,0.166666666666667,0.388888888888889,0.444444444444444
"1047",61,80124,10,47,0,0,1,1,18,1495,0.137123745819398,0.266220735785953,0.0561872909698997,0.161204013377926,0.0561872909698997,0.323076923076923,0.166666666666667,0.388888888888889,0.444444444444444
"1048",44,50183,10,47,1,1,7,5,10,231,0.0562770562770563,0.363636363636364,0.0432900432900433,0.0649350649350649,0.051948051948052,0.41991341991342,0.3,0.1,0.6
"1049",53,64722,10,47,1,0,4,6,21,805,0.0745341614906832,0.347826086956522,0.182608695652174,0.0186335403726708,0,0.37639751552795,0.380952380952381,0.0952380952380952,0.523809523809524
"1051",56,29543,10,47,2,0,2,7,6,63,0.0476190476190476,0.285714285714286,0.0634920634920635,0.285714285714286,0.0476190476190476,0.26984126984127,0.5,0.166666666666667,0.333333333333333
"1052",56,19514,10,47,1,1,4,8,6,69,0.0289855072463768,0.304347826086957,0.0144927536231884,0.405797101449275,0.0434782608695652,0.202898550724638,0.5,0.166666666666667,0.333333333333333
"1053",56,19514,10,47,1,1,4,8,6,69,0.0289855072463768,0.304347826086957,0.0144927536231884,0.405797101449275,0.0434782608695652,0.202898550724638,0.5,0.166666666666667,0.333333333333333
"1055",77,91712,11,47,0,0,0,3,27,2217,0.0423996391520072,0.336490753270185,0.0130807397383852,0.0216508795669824,0.0108254397834912,0.575552548488949,0.333333333333333,0.259259259259259,0.407407407407407
"1057",52,59973,11,47,0,0,1,1,14,382,0.0523560209424084,0.43979057591623,0.0890052356020942,0,0.0785340314136126,0.340314136125654,0.214285714285714,0.285714285714286,0.5
"1058",50,68352,11,47,0,1,3,6,22,871,0.0493685419058553,0.151549942594719,0.0378874856486797,0.0378874856486797,0.0183696900114811,0.704936854190585,0.363636363636364,0.227272727272727,0.409090909090909
"1059",49,81169,11,47,0,0,1,2,21,2089,0.0382958353279081,0.293441838200096,0.0292005744375299,0.012924844423169,0.00957395883197702,0.61656294877932,0.238095238095238,0.333333333333333,0.428571428571429
"1060",49,61456,11,47,0,1,4,4,29,1388,0.0605187319884726,0.276657060518732,0.138328530259366,0.064121037463977,0.0547550432276657,0.405619596541787,0.206896551724138,0.344827586206897,0.448275862068966
"1063",49,23957,12,47,1,0,1,6,5,68,0.294117647058824,0.264705882352941,0.161764705882353,0.235294117647059,0.0147058823529412,0.0294117647058824,0.4,0,0.6
"1064",51,33471,12,47,1,0,3,7,7,93,0,0.290322580645161,0.0967741935483871,0.129032258064516,0.021505376344086,0.462365591397849,0.428571428571429,0,0.571428571428571
"1066",39,30298,10,48,0,0,1,3,5,28,0.214285714285714,0.428571428571429,0.0357142857142857,0,0.107142857142857,0.214285714285714,0.2,0.2,0.6
"1067",74,56551,10,48,1,1,3,4,7,138,0.123188405797101,0.231884057971014,0.0144927536231884,0.115942028985507,0.0289855072463768,0.485507246376812,0.285714285714286,0.142857142857143,0.571428571428571
"1068",74,56551,10,48,1,1,3,4,7,138,0.123188405797101,0.231884057971014,0.0144927536231884,0.115942028985507,0.0289855072463768,0.485507246376812,0.285714285714286,0.142857142857143,0.571428571428571
"1071",72,44213,11,48,1,1,4,6,8,152,0,0.230263157894737,0.0263157894736842,0.0460526315789474,0.0723684210526316,0.625,0.25,0.125,0.625
"1072",50,40344,11,48,0,1,2,7,10,218,0,0.0275229357798165,0,0.0091743119266055,0,0.963302752293578,0.4,0.1,0.5
"1074",51,25410,11,48,1,0,1,4,5,38,0.342105263157895,0.105263157894737,0.342105263157895,0.105263157894737,0.0526315789473684,0.0526315789473684,0.2,0,0.8
"1075",54,13260,11,48,1,1,4,8,6,49,0.204081632653061,0.346938775510204,0.0408163265306122,0.142857142857143,0.0816326530612245,0.183673469387755,0.5,0,0.5
"1076",33,42691,11,48,0,0,1,5,12,358,0.106145251396648,0.17877094972067,0.0474860335195531,0.162011173184358,0.00558659217877095,0.5,0.416666666666667,0.0833333333333333,0.5
"1077",54,36138,11,48,1,1,5,7,8,151,0,0.105960264900662,0,0.033112582781457,0,0.860927152317881,0.375,0.125,0.5
"1078",52,57136,11,48,1,1,9,6,17,642,0.0327102803738318,0.169781931464174,0.169781931464174,0.143302180685358,0.00778816199376947,0.476635514018692,0.294117647058824,0.117647058823529,0.588235294117647
"1079",69,58275,11,48,1,1,6,7,17,615,0.0910569105691057,0.411382113821138,0.0699186991869919,0.104065040650407,0.016260162601626,0.307317073170732,0.470588235294118,0.117647058823529,0.411764705882353
"1080",67,54237,11,48,0,1,4,6,12,361,0.0110803324099723,0.0831024930747922,0,0.157894736842105,0.00831024930747922,0.739612188365651,0.416666666666667,0.166666666666667,0.416666666666667
"1081",50,34596,11,48,1,0,1,8,3,23,0,0.0869565217391304,0,0.304347826086957,0,0.608695652173913,0.333333333333333,0,0.666666666666667
"1082",50,34596,11,48,1,0,1,8,3,23,0,0.0869565217391304,0,0.304347826086957,0,0.608695652173913,0.333333333333333,0,0.666666666666667
"1085",54,44267,11,48,1,1,5,9,11,310,0.00967741935483871,0.209677419354839,0.0161290322580645,0.158064516129032,0.0161290322580645,0.590322580645161,0.454545454545455,0.181818181818182,0.363636363636364
"1086",36,68487,11,48,0,0,1,4,29,1366,0.0241581259150805,0.281844802342606,0.0651537335285505,0.0651537335285505,0.00878477306002928,0.554904831625183,0.310344827586207,0.241379310344828,0.448275862068966
"1087",36,68487,11,48,0,0,1,4,29,1366,0.0241581259150805,0.281844802342606,0.0651537335285505,0.0651537335285505,0.00878477306002928,0.554904831625183,0.310344827586207,0.241379310344828,0.448275862068966
"1088",65,80982,11,48,1,1,3,5,27,1191,0.0873215785054576,0.336691855583543,0.0184718723761545,0.0184718723761545,0.115029387069689,0.424013434089001,0.407407407407407,0.185185185185185,0.407407407407407
"1092",63,82014,12,48,0,0,1,6,21,1511,0.0231634679020516,0.175380542686962,0.107875579086698,0.0205162144275314,0.0244870946393117,0.648577101257445,0.142857142857143,0.285714285714286,0.571428571428571
"1093",65,76320,10,49,0,1,2,2,13,932,0.0740343347639485,0.229613733905579,0.0568669527896996,0.0375536480686695,0.0375536480686695,0.564377682403433,0.461538461538462,0.230769230769231,0.307692307692308
"1094",70,64587,10,49,1,1,2,3,6,108,0,0.148148148148148,0.0555555555555556,0.185185185185185,0,0.611111111111111,0.166666666666667,0.166666666666667,0.666666666666667
"1095",49,74190,10,49,0,1,2,2,17,641,0.262090483619345,0.134165366614665,0.141965678627145,0.0998439937597504,0.126365054602184,0.235569422776911,0.235294117647059,0.117647058823529,0.647058823529412
"1096",45,32765,10,49,1,0,2,5,6,46,0.152173913043478,0.369565217391304,0.0652173913043478,0.0652173913043478,0.0652173913043478,0.282608695652174,0.333333333333333,0,0.666666666666667
"1098",49,22212,11,49,1,0,2,6,6,69,0.0869565217391304,0.289855072463768,0.115942028985507,0.304347826086957,0.130434782608696,0.072463768115942,0.333333333333333,0,0.666666666666667
"1099",35,18358,11,49,1,0,3,7,7,57,0.280701754385965,0.333333333333333,0.0701754385964912,0.0701754385964912,0.140350877192982,0.105263157894737,0.428571428571429,0,0.571428571428571
"1100",50,26067,11,49,1,0,3,8,6,56,0,0.321428571428571,0.0357142857142857,0.214285714285714,0.0357142857142857,0.392857142857143,0.5,0,0.5
"1103",46,60199,11,49,1,2,1,4,3,18,0.111111111111111,0.388888888888889,0,0,0.0555555555555556,0.444444444444444,0,0,1
"1105",44,19107,11,49,1,0,2,7,4,46,0.217391304347826,0.195652173913043,0.108695652173913,0.347826086956522,0.0869565217391304,0.0434782608695652,0.25,0,0.75
"1106",39,37929,11,49,0,0,2,7,11,265,0.0113207547169811,0.173584905660377,0.00754716981132075,0.0377358490566038,0.00754716981132075,0.762264150943396,0.363636363636364,0.181818181818182,0.454545454545455
"1107",74,16813,11,49,0,0,1,7,5,50,0.24,0.22,0.04,0.26,0.16,0.08,0.4,0,0.6
"1108",67,62187,11,49,0,0,1,3,17,1283,0.0350740452065472,0.214341387373344,0.0350740452065472,0.098207326578332,0,0.61730319563523,0.235294117647059,0.470588235294118,0.294117647058824
"1112",49,53201,11,49,1,1,8,7,14,415,0.0481927710843374,0.195180722891566,0,0.0650602409638554,0.0168674698795181,0.674698795180723,0.428571428571429,0.214285714285714,0.357142857142857
"1115",65,61250,12,49,0,1,6,5,19,730,0.0821917808219178,0.089041095890411,0.0356164383561644,0.0808219178082192,0.189041095890411,0.523287671232877,0.263157894736842,0.105263157894737,0.631578947368421
"1117",59,55250,12,49,0,1,4,5,22,903,0.035437430786268,0.0919158361018826,0,0.0730897009966777,0.0642303433001107,0.735326688815061,0.318181818181818,0.227272727272727,0.454545454545455
"1120",67,37633,12,49,1,1,2,9,4,38,0,0.526315789473684,0,0.0263157894736842,0.105263157894737,0.342105263157895,0.25,0,0.75
"1122",57,36947,12,49,1,1,4,9,7,146,0.0273972602739726,0.143835616438356,0.00684931506849315,0.198630136986301,0.0205479452054795,0.602739726027397,0.428571428571429,0,0.571428571428571
"1123",72,69142,10,50,0,1,3,5,16,535,0.011214953271028,0.0635514018691589,0.00747663551401869,0.0728971962616822,0.00747663551401869,0.837383177570094,0.5,0.0625,0.4375
"1124",65,53154,10,50,0,1,1,4,8,158,0,0.132911392405063,0.00632911392405063,0.0443037974683544,0,0.816455696202532,0.375,0.125,0.5
"1125",64,65695,10,50,0,1,2,4,19,656,0,0.288109756097561,0.0884146341463415,0.00914634146341463,0.048780487804878,0.565548780487805,0.263157894736842,0.210526315789474,0.526315789473684
"1127",46,36975,11,50,1,0,1,7,4,33,0,0.333333333333333,0.121212121212121,0.0606060606060606,0.181818181818182,0.303030303030303,0.25,0,0.75
"1128",51,26228,11,50,1,0,1,8,3,25,0.12,0.16,0.04,0.36,0.24,0.08,0.333333333333333,0,0.666666666666667
"1129",52,37787,11,50,1,0,1,8,6,106,0.0377358490566038,0.377358490566038,0.0283018867924528,0.169811320754717,0.00943396226415094,0.377358490566038,0.5,0,0.5
"1130",50,37087,11,50,1,0,3,6,14,401,0.0374064837905237,0.334164588528678,0,0.00748129675810474,0.13715710723192,0.483790523690773,0.285714285714286,0.142857142857143,0.571428571428571
"1132",70,36930,11,50,0,1,5,8,11,297,0,0.104377104377104,0.00673400673400673,0.131313131313131,0.00673400673400673,0.750841750841751,0.454545454545455,0.181818181818182,0.363636363636364
"1133",61,48721,11,50,1,1,6,6,11,293,0.160409556313993,0.385665529010239,0.0443686006825939,0.0716723549488055,0.0614334470989761,0.276450511945392,0.363636363636364,0.181818181818182,0.454545454545455
"1134",55,43641,11,50,1,1,3,6,7,139,0.0287769784172662,0.366906474820144,0.0143884892086331,0.165467625899281,0.0143884892086331,0.410071942446043,0.285714285714286,0.142857142857143,0.571428571428571
"1135",73,75903,11,50,0,1,2,3,21,901,0.144284128745838,0.205327413984462,0.0421753607103219,0.110987791342952,0.119866814650388,0.377358490566038,0.285714285714286,0.285714285714286,0.428571428571429
"1136",68,71391,11,50,0,1,5,3,23,1043,0.0441035474592522,0.262703739213806,0.117929050814957,0.135186960690316,0.117929050814957,0.322147651006711,0.260869565217391,0.217391304347826,0.521739130434783
"1137",48,16927,11,50,1,1,5,8,7,53,0.0566037735849057,0.433962264150943,0.0188679245283019,0.0754716981132075,0.0377358490566038,0.377358490566038,0.428571428571429,0,0.571428571428571
"1138",63,27215,11,50,2,1,4,6,7,102,0.0784313725490196,0.215686274509804,0.0882352941176471,0.274509803921569,0.0490196078431373,0.294117647058824,0.285714285714286,0.142857142857143,0.571428571428571
"1139",48,53858,12,50,0,1,4,4,13,915,0.0633879781420765,0.241530054644809,0.163934426229508,0.0284153005464481,0.0579234972677596,0.444808743169399,0.307692307692308,0.230769230769231,0.461538461538462
"1140",61,30983,12,50,0,0,1,8,7,167,0.0718562874251497,0.29940119760479,0.00598802395209581,0.293413173652695,0.0239520958083832,0.305389221556886,0.571428571428571,0,0.428571428571429
"1142",68,63943,12,50,0,1,1,5,16,1106,0.011754068716094,0.332730560578662,0.0877034358047016,0.0189873417721519,0.166365280289331,0.38245931283906,0.375,0.25,0.375
"1143",38,26816,12,50,0,0,1,4,3,22,0.136363636363636,0.272727272727273,0.181818181818182,0.136363636363636,0.0454545454545455,0.227272727272727,0,0,1
"1146",71,54348,10,51,1,1,2,6,6,90,0,0.177777777777778,0,0.0444444444444444,0,0.777777777777778,0.333333333333333,0,0.666666666666667
"1147",65,54984,10,51,0,1,4,7,13,358,0.0893854748603352,0.365921787709497,0.00837988826815642,0.0167597765363128,0.0363128491620112,0.483240223463687,0.461538461538462,0.0769230769230769,0.461538461538462
"1148",40,34738,10,51,1,0,1,6,4,20,0.15,0.5,0,0.1,0.1,0.15,0.25,0,0.75
"1149",61,68118,11,51,0,1,2,6,21,928,0.0107758620689655,0.132543103448276,0.0247844827586207,0.165948275862069,0.0247844827586207,0.641163793103448,0.380952380952381,0.428571428571429,0.19047619047619
"1150",61,68118,11,51,0,1,2,6,21,928,0.0107758620689655,0.132543103448276,0.0247844827586207,0.165948275862069,0.0247844827586207,0.641163793103448,0.380952380952381,0.428571428571429,0.19047619047619
"1152",49,51948,11,51,0,1,2,5,11,311,0.228295819935691,0.173633440514469,0.0964630225080386,0.131832797427653,0.106109324758842,0.263665594855305,0.454545454545455,0.181818181818182,0.363636363636364
"1153",55,25293,11,51,1,0,1,8,4,37,0,0.297297297297297,0.0540540540540541,0.243243243243243,0,0.405405405405405,0.25,0.25,0.5
"1154",55,25293,11,51,1,0,1,8,4,37,0,0.297297297297297,0.0540540540540541,0.243243243243243,0,0.405405405405405,0.25,0.25,0.5
"1155",60,41551,11,51,1,1,5,8,11,279,0.010752688172043,0.118279569892473,0,0.0824372759856631,0,0.788530465949821,0.454545454545455,0.0909090909090909,0.454545454545455
"1157",72,67433,11,51,0,2,4,4,24,992,0.0120967741935484,0.261088709677419,0.0483870967741935,0.030241935483871,0.0282258064516129,0.619959677419355,0.25,0.208333333333333,0.541666666666667
"1159",72,64831,11,51,1,1,8,6,14,1120,0.0669642857142857,0.222321428571429,0.0767857142857143,0.128571428571429,0.0767857142857143,0.428571428571429,0.428571428571429,0.214285714285714,0.357142857142857
"1160",70,62820,11,51,0,0,1,1,13,976,0.141393442622951,0.271516393442623,0.0625,0.0543032786885246,0.0625,0.407786885245902,0.230769230769231,0.307692307692308,0.461538461538462
"1161",70,62820,11,51,0,0,1,1,13,976,0.141393442622951,0.271516393442623,0.0625,0.0543032786885246,0.0625,0.407786885245902,0.230769230769231,0.307692307692308,0.461538461538462
"1162",65,78353,11,51,0,1,1,8,23,1576,0.024746192893401,0.302030456852792,0.0970812182741117,0.0215736040609137,0.0774111675126904,0.477157360406091,0.434782608695652,0.0869565217391304,0.478260869565217
"1163",58,57183,11,51,1,1,8,8,17,610,0.0114754098360656,0.104918032786885,0,0.114754098360656,0.00819672131147541,0.760655737704918,0.529411764705882,0.0588235294117647,0.411764705882353
"1164",59,23478,11,51,0,0,1,8,6,129,0.0930232558139535,0.209302325581395,0.131782945736434,0.302325581395349,0.0465116279069767,0.217054263565891,0.5,0,0.5
"1165",46,30168,11,51,1,0,7,9,11,279,0,0.236559139784946,0.043010752688172,0.0967741935483871,0.0716845878136201,0.551971326164875,0.545454545454545,0.0909090909090909,0.363636363636364
"1166",35,37155,11,51,1,0,1,5,6,74,0.0945945945945946,0.351351351351351,0.202702702702703,0.0405405405405405,0,0.310810810810811,0.333333333333333,0,0.666666666666667
"1167",39,16581,11,51,0,0,1,4,3,24,0.0833333333333333,0.166666666666667,0.125,0.458333333333333,0.125,0.0416666666666667,0,0,1
"1168",44,41850,12,51,1,1,3,8,6,96,0.0208333333333333,0.197916666666667,0.135416666666667,0.0416666666666667,0.0520833333333333,0.552083333333333,0.5,0,0.5
"1169",57,81380,12,51,0,0,1,2,16,1893,0.118330692023244,0.363972530375066,0.0359218172213418,0.0544109878499736,0.0359218172213418,0.391442155309033,0.25,0.125,0.625
"1171",53,25818,12,51,1,0,1,7,3,28,0.0714285714285714,0.285714285714286,0.0714285714285714,0.321428571428571,0.0714285714285714,0.178571428571429,0,0.333333333333333,0.666666666666667
"1174",72,50300,10,52,0,1,2,2,11,270,0.0888888888888889,0.222222222222222,0.0851851851851852,0.0185185185185185,0.0555555555555556,0.52962962962963,0.181818181818182,0.0909090909090909,0.727272727272727
"1175",69,38725,10,52,1,1,2,4,5,45,0.0444444444444444,0.133333333333333,0.0222222222222222,0.111111111111111,0,0.688888888888889,0.2,0,0.8
"1177",33,26868,10,52,1,0,1,7,3,14,0.571428571428571,0.0714285714285714,0.214285714285714,0.142857142857143,0,0,0.333333333333333,0,0.666666666666667
"1178",75,72298,10,52,0,0,1,1,13,939,0.0617678381256656,0.179978700745474,0.0181043663471778,0.0372736954206603,0.0372736954206603,0.665601703940362,0.307692307692308,0.230769230769231,0.461538461538462
"1179",66,72905,10,52,0,0,1,1,19,1515,0.119471947194719,0.293729372937294,0.108910891089109,0.133993399339934,0.0752475247524752,0.268646864686469,0.157894736842105,0.368421052631579,0.473684210526316
"1180",48,47025,11,52,0,1,3,6,14,415,0.0481927710843374,0.260240963855422,0,0.0626506024096386,0.0168674698795181,0.612048192771084,0.428571428571429,0.214285714285714,0.357142857142857
"1181",39,29938,11,52,1,0,2,6,4,26,0,0.269230769230769,0.0769230769230769,0.423076923076923,0.115384615384615,0.115384615384615,0.25,0,0.75
"1184",54,29548,11,52,1,0,1,4,4,29,0.103448275862069,0.206896551724138,0.0344827586206897,0.379310344827586,0.0344827586206897,0.241379310344828,0.25,0.25,0.5
"1185",68,62058,11,52,0,1,4,6,14,450,0.0222222222222222,0.164444444444444,0,0.128888888888889,0.0155555555555556,0.668888888888889,0.428571428571429,0.0714285714285714,0.5
"1187",61,36736,11,52,1,1,1,6,3,17,0,0.176470588235294,0,0.235294117647059,0,0.588235294117647,0.333333333333333,0,0.666666666666667
"1188",72,8820,11,52,1,1,4,8,6,35,0.114285714285714,0.371428571428571,0.0571428571428571,0.114285714285714,0,0.342857142857143,0.5,0,0.5
"1194",59,64176,12,52,0,1,8,6,25,1826,0.0350492880613363,0.136363636363636,0.063526834611172,0.0815991237677985,0.0180722891566265,0.66538882803943,0.32,0.36,0.32
"1195",41,23536,10,53,1,0,1,3,3,10,0,0.3,0,0.1,0,0.6,0,0,1
"1196",66,35246,10,53,1,1,4,5,7,62,0.032258064516129,0.193548387096774,0.032258064516129,0.161290322580645,0,0.580645161290323,0.428571428571429,0.142857142857143,0.428571428571429
"1197",46,28442,10,53,2,0,3,4,7,57,0.192982456140351,0.175438596491228,0.140350877192982,0.105263157894737,0.0526315789473684,0.333333333333333,0.285714285714286,0.142857142857143,0.571428571428571
"1198",68,48195,10,53,1,1,6,6,11,265,0.19622641509434,0.256603773584906,0.0264150943396226,0.0188679245283019,0.10188679245283,0.4,0.363636363636364,0.181818181818182,0.454545454545455
"1199",42,74116,11,53,0,0,1,2,18,2052,0.0706627680311891,0.34307992202729,0.0268031189083821,0.080896686159844,0.054093567251462,0.424463937621832,0.222222222222222,0.222222222222222,0.555555555555556
"1201",72,59354,11,53,1,1,3,6,12,310,0.00967741935483871,0.170967741935484,0.0161290322580645,0.0451612903225806,0.00645161290322581,0.751612903225806,0.5,0.0833333333333333,0.416666666666667
"1203",81,77598,11,53,0,0,1,3,25,1735,0.0743515850144092,0.161959654178674,0.0380403458213256,0.0190201729106628,0.0190201729106628,0.687608069164265,0.28,0.2,0.52
"1204",52,62710,11,53,0,1,4,4,18,606,0.0115511551155116,0.136963696369637,0.0478547854785479,0.0181518151815182,0.0577557755775578,0.727722772277228,0.222222222222222,0.111111111111111,0.666666666666667
"1206",53,42767,11,53,2,0,1,8,6,131,0.145038167938931,0.32824427480916,0.0381679389312977,0.290076335877863,0.0458015267175573,0.152671755725191,0.5,0.166666666666667,0.333333333333333
"1207",42,43815,11,53,1,0,1,6,5,79,0.0506329113924051,0.367088607594937,0.0886075949367089,0.189873417721519,0.126582278481013,0.177215189873418,0.4,0,0.6
"1208",53,44421,11,53,1,1,5,8,9,189,0.037037037037037,0.312169312169312,0.00529100529100529,0.037037037037037,0.0264550264550265,0.582010582010582,0.555555555555556,0,0.444444444444444
"1209",81,48948,11,53,0,0,2,6,22,902,0.177383592017738,0.228381374722838,0.0543237250554324,0.0465631929046563,0.00886917960088692,0.484478935698448,0.318181818181818,0.454545454545455,0.227272727272727
"1210",81,48948,11,53,0,0,2,6,22,902,0.177383592017738,0.228381374722838,0.0543237250554324,0.0465631929046563,0.00886917960088692,0.484478935698448,0.318181818181818,0.454545454545455,0.227272727272727
"1211",74,63120,12,53,0,1,5,7,21,1477,0.036560595802302,0.188896411645227,0.027758970886933,0.046716316858497,0.046716316858497,0.653351387948544,0.380952380952381,0.19047619047619,0.428571428571429
"1212",74,55517,12,53,1,1,5,9,18,633,0,0.170616113744076,0.00947867298578199,0.0568720379146919,0,0.76303317535545,0.611111111111111,0.0555555555555556,0.333333333333333
"1213",67,36864,12,53,0,1,3,8,11,354,0.0480225988700565,0.110169491525424,0,0.251412429378531,0.0141242937853107,0.576271186440678,0.454545454545455,0.181818181818182,0.363636363636364
"1215",47,82582,10,54,0,0,1,1,20,1617,0.0964749536178108,0.340136054421769,0.0247371675943105,0.14904143475572,0.0742115027829314,0.315398886827458,0.2,0.45,0.35
"1216",66,79803,10,54,0,1,1,1,12,868,0.0241935483870968,0.248847926267281,0.0184331797235023,0.0380184331797235,0.00921658986175115,0.661290322580645,0.333333333333333,0.25,0.416666666666667
"1217",57,52569,10,54,0,1,1,3,6,95,0,0.0315789473684211,0,0.0736842105263158,0,0.894736842105263,0.333333333333333,0,0.666666666666667
"1218",76,82032,10,54,0,0,0,1,17,1234,0.120745542949757,0.305510534846029,0.10129659643436,0.0461912479740681,0.157212317666126,0.26904376012966,0.235294117647059,0.352941176470588,0.411764705882353
"1219",76,82032,10,54,0,0,0,1,17,1234,0.120745542949757,0.305510534846029,0.10129659643436,0.0461912479740681,0.157212317666126,0.26904376012966,0.235294117647059,0.352941176470588,0.411764705882353
"1220",52,65685,10,54,0,1,1,5,20,769,0,0.0637191157347204,0.00910273081924577,0.0741222366710013,0.0182054616384915,0.834850455136541,0.45,0.1,0.45
"1221",52,65685,10,54,0,1,1,5,20,769,0,0.0637191157347204,0.00910273081924577,0.0741222366710013,0.0182054616384915,0.834850455136541,0.45,0.1,0.45
"1223",51,31163,10,54,1,0,1,6,4,38,0.289473684210526,0.263157894736842,0.0526315789473684,0.263157894736842,0.0789473684210526,0.0526315789473684,0.25,0,0.75
"1224",51,31163,10,54,1,0,1,6,4,38,0.289473684210526,0.263157894736842,0.0526315789473684,0.263157894736842,0.0789473684210526,0.0526315789473684,0.25,0,0.75
"1225",72,35704,10,54,1,1,3,4,6,94,0.0212765957446809,0.127659574468085,0.117021276595745,0.319148936170213,0.0957446808510638,0.319148936170213,0.333333333333333,0,0.666666666666667
"1226",51,7500,11,54,1,0,4,7,7,57,0.210526315789474,0.175438596491228,0.12280701754386,0.350877192982456,0.0526315789473684,0.087719298245614,0.428571428571429,0.142857142857143,0.428571428571429
"1232",49,45503,11,54,1,0,1,5,8,170,0.0352941176470588,0.258823529411765,0.00588235294117647,0.105882352941176,0.0235294117647059,0.570588235294118,0.375,0.125,0.5
"1233",46,28647,11,54,1,0,1,7,6,94,0,0.308510638297872,0.127659574468085,0.276595744680851,0.0851063829787234,0.202127659574468,0.333333333333333,0.333333333333333,0.333333333333333
"1234",52,37760,11,54,1,0,1,6,5,54,0.037037037037037,0.240740740740741,0.185185185185185,0,0.0555555555555556,0.481481481481481,0.4,0,0.6
"1236",69,72635,11,54,0,0,1,3,20,981,0.106014271151886,0.329255861365953,0.035677879714577,0.109072375127421,0.0224260958205912,0.397553516819572,0.3,0.4,0.3
"1237",69,72635,11,54,0,0,1,3,20,981,0.106014271151886,0.329255861365953,0.035677879714577,0.109072375127421,0.0224260958205912,0.397553516819572,0.3,0.4,0.3
"1238",76,77142,11,54,0,0,1,2,16,990,0.0292929292929293,0.163636363636364,0.152525252525253,0.097979797979798,0.0757575757575758,0.480808080808081,0.25,0.25,0.5
"1240",56,36065,11,54,1,1,3,8,6,74,0.135135135135135,0.45945945945946,0.027027027027027,0.0405405405405405,0.0945945945945946,0.243243243243243,0.5,0,0.5
"1242",47,35790,11,54,1,0,2,7,5,72,0.416666666666667,0.277777777777778,0.0138888888888889,0.0416666666666667,0.0833333333333333,0.166666666666667,0.4,0,0.6
"1243",62,39552,12,54,1,1,7,8,13,384,0.0104166666666667,0.3828125,0.0625,0.106770833333333,0.0078125,0.4296875,0.461538461538462,0.153846153846154,0.384615384615385
"1246",59,51390,12,54,1,1,6,5,12,353,0.0651558073654391,0.13314447592068,0.0056657223796034,0.158640226628895,0.056657223796034,0.580736543909348,0.416666666666667,0.166666666666667,0.416666666666667
"1247",43,72066,10,55,0,0,1,2,16,1792,0.0747767857142857,0.299107142857143,0.0284598214285714,0.0189732142857143,0.0189732142857143,0.559709821428571,0.25,0.375,0.375
"1249",59,48006,10,55,1,1,1,6,4,41,0.0731707317073171,0.268292682926829,0.048780487804878,0.048780487804878,0,0.560975609756098,0.25,0,0.75
"1250",49,65106,10,55,0,1,3,6,24,973,0.0123329907502569,0.136690647482014,0,0.0195272353545735,0.0195272353545735,0.811921891058582,0.333333333333333,0.125,0.541666666666667
"1251",64,58401,10,55,0,1,1,4,5,96,0.177083333333333,0.114583333333333,0.302083333333333,0.302083333333333,0,0.104166666666667,0.2,0.4,0.4
"1252",64,29315,10,55,1,1,4,6,6,48,0.166666666666667,0.291666666666667,0.145833333333333,0.0833333333333333,0.0416666666666667,0.270833333333333,0.333333333333333,0,0.666666666666667
"1253",73,49389,11,55,1,1,1,7,5,65,0.0307692307692308,0.292307692307692,0.0153846153846154,0.0461538461538462,0,0.615384615384615,0.4,0,0.6
"1255",64,46779,11,55,1,1,1,4,3,23,0,0.130434782608696,0,0.304347826086957,0.0434782608695652,0.521739130434783,0,0.333333333333333,0.666666666666667
"1256",64,28520,11,55,1,1,1,6,4,43,0,0.232558139534884,0.0465116279069767,0.465116279069767,0,0.255813953488372,0.25,0.25,0.5
"1257",61,34377,11,55,0,1,2,7,6,114,0.0263157894736842,0.192982456140351,0.0087719298245614,0.228070175438596,0,0.543859649122807,0.333333333333333,0.333333333333333,0.333333333333333
"1258",63,54959,11,55,0,1,3,7,18,1232,0,0.0487012987012987,0,0.0194805194805195,0,0.931818181818182,0.5,0.277777777777778,0.222222222222222
"1260",68,46998,12,55,0,1,5,7,13,377,0.119363395225464,0.228116710875332,0.0159151193633952,0.0716180371352785,0.108753315649867,0.456233421750663,0.384615384615385,0.230769230769231,0.384615384615385
"1263",70,57333,12,55,0,1,11,6,22,1662,0.0457280385078219,0.238868832731649,0.0348977135980746,0.10589651022864,0.00842358604091456,0.5661853188929,0.363636363636364,0.227272727272727,0.409090909090909
"1269",69,46390,10,56,0,1,1,7,9,222,0.00900900900900901,0.288288288288288,0.0405405405405405,0.171171171171171,0.0630630630630631,0.427927927927928,0.444444444444444,0.222222222222222,0.333333333333333
"1272",73,59412,10,56,0,0,1,3,14,406,0.0738916256157636,0.4064039408867,0.105911330049261,0.0270935960591133,0.165024630541872,0.221674876847291,0.285714285714286,0.142857142857143,0.571428571428571
"1273",56,50616,10,56,0,1,2,7,8,149,0,0.10738255033557,0.00671140939597315,0.0268456375838926,0,0.859060402684564,0.5,0,0.5
"1275",42,57937,10,56,0,1,3,3,17,683,0.0805270863836018,0.210834553440703,0.0702781844802343,0.194729136163982,0.061493411420205,0.382137628111274,0.235294117647059,0.235294117647059,0.529411764705882
"1276",40,73356,10,56,0,0,1,2,21,1512,0,0.212962962962963,0.00925925925925926,0.0740740740740741,0.00925925925925926,0.694444444444444,0.238095238095238,0.523809523809524,0.238095238095238
"1278",50,58494,11,56,0,1,2,6,14,396,0.0101010101010101,0.171717171717172,0,0.047979797979798,0.0176767676767677,0.752525252525252,0.428571428571429,0.142857142857143,0.428571428571429
"1279",55,72460,11,56,0,0,1,1,15,1047,0.0764087870105062,0.515759312320917,0.0286532951289398,0.00955109837631328,0.00955109837631328,0.36007640878701,0.2,0.333333333333333,0.466666666666667
"1282",43,36959,11,56,1,0,2,8,5,62,0.0967741935483871,0.403225806451613,0,0,0.0967741935483871,0.403225806451613,0.4,0,0.6
"1283",53,46463,11,56,1,1,7,6,10,235,0.0340425531914894,0.170212765957447,0.0468085106382979,0.0468085106382979,0.00851063829787234,0.693617021276596,0.3,0.1,0.6
"1284",45,61825,11,56,0,1,1,4,14,424,0.129716981132075,0.235849056603774,0.0707547169811321,0.0636792452830189,0.117924528301887,0.382075471698113,0.285714285714286,0.142857142857143,0.571428571428571
"1285",45,61825,11,56,0,1,1,4,14,424,0.129716981132075,0.235849056603774,0.0707547169811321,0.0636792452830189,0.117924528301887,0.382075471698113,0.285714285714286,0.142857142857143,0.571428571428571
"1286",35,28691,11,56,1,0,1,8,4,34,0.235294117647059,0.382352941176471,0,0.117647058823529,0.117647058823529,0.147058823529412,0.25,0,0.75
"1287",35,28691,11,56,1,0,1,8,4,34,0.235294117647059,0.382352941176471,0,0.117647058823529,0.117647058823529,0.147058823529412,0.25,0,0.75
"1289",49,84196,11,56,0,1,1,3,19,1237,0.186742118027486,0.409862570735651,0.0250606305578011,0.1535974130962,0.0509296685529507,0.173807599029911,0.421052631578947,0.210526315789474,0.368421052631579
"1292",51,3502,11,56,1,0,0,14,0,5,0,0.2,0,0.2,0.2,0.4,NA,NA,NA
"1293",67,47743,11,56,0,1,3,6,11,275,0,0.156363636363636,0.0436363636363636,0.0727272727272727,0.00727272727272727,0.72,0.363636363636364,0.0909090909090909,0.545454545454545
"1294",75,80360,11,56,0,0,2,2,13,2231,0.0502017032720753,0.203496190049305,0.0192738682205289,0.0192738682205289,0.0385477364410578,0.669206633796504,0.307692307692308,0.307692307692308,0.384615384615385
"1295",53,66303,11,56,0,1,4,8,18,1286,0.0124416796267496,0.0746500777604977,0.00933125972006221,0.046656298600311,0.00933125972006221,0.847589424572317,0.166666666666667,0.222222222222222,0.611111111111111
"1296",55,52413,11,56,0,2,4,6,22,910,0.0824175824175824,0.297802197802198,0.107692307692308,0.0714285714285714,0.116483516483516,0.324175824175824,0.272727272727273,0.181818181818182,0.545454545454545
"1297",68,60714,11,56,0,0,2,5,21,957,0.105538140020899,0.234064785788924,0.0961337513061651,0.169278996865204,0.169278996865204,0.225705329153605,0.333333333333333,0.19047619047619,0.476190476190476
"1298",40,31385,12,56,1,0,1,8,3,27,0,0.444444444444444,0.037037037037037,0.333333333333333,0.0740740740740741,0.111111111111111,0.333333333333333,0,0.666666666666667
"1299",29,83257,12,56,0,0,1,6,27,1365,0.0278388278388278,0.432234432234432,0.0783882783882784,0.0490842490842491,0.0197802197802198,0.392673992673993,0.185185185185185,0.37037037037037,0.444444444444444
"1300",49,80427,12,56,0,1,1,5,27,1835,0.0376021798365123,0.244686648501362,0.0386920980926431,0.0141689373297003,0.0386920980926431,0.626158038147139,0.407407407407407,0.296296296296296,0.296296296296296
"1302",47,42014,12,56,1,0,6,8,14,436,0.0091743119266055,0.247706422018349,0.0344036697247706,0.114678899082569,0.0344036697247706,0.559633027522936,0.5,0.0714285714285714,0.428571428571429
"1303",47,42014,12,56,1,0,6,8,14,436,0.0091743119266055,0.247706422018349,0.0344036697247706,0.114678899082569,0.0344036697247706,0.559633027522936,0.5,0.0714285714285714,0.428571428571429
"1305",60,41713,10,57,1,1,5,6,8,174,0.0574712643678161,0.252873563218391,0.0574712643678161,0.14367816091954,0.0459770114942529,0.442528735632184,0.375,0.125,0.5
"1306",70,62670,10,57,0,1,1,3,21,825,0.096969696969697,0.111515151515152,0.0557575757575758,0.0460606060606061,0.0363636363636364,0.653333333333333,0.238095238095238,0.142857142857143,0.619047619047619
"1307",52,70932,10,57,0,1,2,3,20,909,0.0506050605060506,0.11001100110011,0.203520352035204,0.203520352035204,0.212321232123212,0.22002200220022,0.3,0.1,0.6
"1308",73,78939,11,57,0,0,1,3,19,1507,0.099535500995355,0.161247511612475,0,0.136031851360319,0.0763105507631055,0.526874585268746,0.421052631578947,0.263157894736842,0.31578947368421
"1310",56,63967,11,57,0,1,3,2,20,882,0.082766439909297,0.159863945578231,0.0396825396825397,0.183673469387755,0.0952380952380952,0.438775510204082,0.2,0.2,0.6
"1311",76,90842,11,57,0,0,1,1,26,1424,0.127808988764045,0.0828651685393258,0.131320224719101,0.065308988764045,0.0491573033707865,0.543539325842697,0.153846153846154,0.346153846153846,0.5
"1312",77,25358,11,57,0,1,2,6,4,32,0,0.15625,0,0.25,0,0.59375,0.25,0,0.75
"1314",42,28567,11,57,1,0,2,6,5,46,0.0434782608695652,0.478260869565217,0.0434782608695652,0.130434782608696,0.0652173913043478,0.239130434782609,0.4,0,0.6
"1315",46,66373,11,57,1,1,7,3,16,606,0.0198019801980198,0.204620462046205,0.0396039603960396,0.17986798679868,0.0148514851485149,0.541254125412541,0.25,0.125,0.625
"1316",46,66373,11,57,1,1,7,3,16,606,0.0198019801980198,0.204620462046205,0.0396039603960396,0.17986798679868,0.0148514851485149,0.541254125412541,0.25,0.125,0.625
"1320",56,83664,11,57,1,1,3,5,16,1173,0.0238704177323103,0.128729752770674,0.0179028132992327,0.0733162830349531,0.0179028132992327,0.738277919863598,0.125,0.125,0.75
"1321",73,27450,11,57,0,0,1,7,6,143,0.0559440559440559,0.160839160839161,0.0769230769230769,0.363636363636364,0.0839160839160839,0.258741258741259,0.333333333333333,0.166666666666667,0.5
"1322",46,54880,11,57,1,0,2,5,19,795,0.128301886792453,0.172327044025157,0.0566037735849057,0.148427672955975,0.106918238993711,0.387421383647799,0.31578947368421,0.105263157894737,0.578947368421053
"1323",59,71322,11,57,0,1,2,4,26,1305,0.0528735632183908,0.173180076628352,0.00766283524904215,0.15632183908046,0.0329501915708812,0.577011494252874,0.307692307692308,0.192307692307692,0.5
"1324",48,60000,12,57,0,1,5,6,19,1277,0,0.169929522317933,0,0.00939702427564605,0,0.820673453406421,0.578947368421053,0.157894736842105,0.263157894736842
"1328",36,20518,10,58,1,0,1,5,4,25,0.16,0.24,0.04,0.36,0.04,0.16,0.25,0.25,0.5
"1329",76,34469,10,58,1,1,3,4,6,62,0,0.32258064516129,0.0806451612903226,0.193548387096774,0.0967741935483871,0.306451612903226,0.166666666666667,0.166666666666667,0.666666666666667
"1330",72,28332,10,58,0,0,1,2,7,65,0.0615384615384615,0.2,0.230769230769231,0.138461538461538,0.153846153846154,0.215384615384615,0.285714285714286,0.142857142857143,0.571428571428571
"1332",56,38443,10,58,1,1,2,7,4,38,0,0.131578947368421,0,0.0263157894736842,0,0.842105263157895,0.25,0,0.75
"1333",51,65333,10,58,0,1,7,6,21,798,0,0.115288220551378,0.018796992481203,0.037593984962406,0.0087719298245614,0.819548872180451,0.428571428571429,0.19047619047619,0.380952380952381
"1334",72,82623,11,58,0,0,1,1,15,940,0.182978723404255,0.217021276595745,0.162765957446809,0.184042553191489,0.0361702127659574,0.217021276595745,0.133333333333333,0.6,0.266666666666667
"1335",53,73691,11,58,0,1,2,2,16,1179,0.0720949957591179,0.212044105173876,0.0364715860899067,0.0619168787107718,0.0178117048346056,0.599660729431722,0.375,0.125,0.5
"1338",42,24367,11,58,1,0,1,9,3,24,0,0.0833333333333333,0.458333333333333,0.208333333333333,0.166666666666667,0.0833333333333333,0.333333333333333,0,0.666666666666667
"1339",53,91700,11,58,0,0,1,3,19,1968,0.0635162601626016,0.488313008130081,0.0584349593495935,0.00965447154471545,0.0873983739837398,0.292682926829268,0.421052631578947,0.31578947368421,0.263157894736842
"1341",67,82017,12,58,0,0,1,2,16,729,0.0411522633744856,0.611796982167353,0.0315500685871056,0.0315500685871056,0.0315500685871056,0.252400548696845,0.3125,0.25,0.4375
"1342",67,58138,12,58,0,0,3,7,22,1617,0.106369820655535,0.337662337662338,0.054421768707483,0.054421768707483,0.054421768707483,0.392702535559678,0.363636363636364,0.454545454545455,0.181818181818182
"1343",71,59354,10,59,0,2,1,3,15,459,0.0849673202614379,0.169934640522876,0.028322440087146,0.028322440087146,0.0457516339869281,0.642701525054466,0.266666666666667,0.266666666666667,0.466666666666667
"1344",69,58482,10,59,0,1,2,6,20,731,0.0259917920656635,0.157318741450068,0.00957592339261286,0.00957592339261286,0.00957592339261286,0.78796169630643,0.35,0.2,0.45
"1347",49,31160,11,59,1,0,2,8,5,64,0.09375,0.390625,0.015625,0.203125,0.046875,0.25,0.4,0,0.6
"1348",52,40321,11,59,1,1,2,7,6,102,0.0588235294117647,0.205882352941176,0,0.264705882352941,0.0392156862745098,0.431372549019608,0.5,0,0.5
"1349",52,40321,11,59,1,1,2,7,6,102,0.0588235294117647,0.205882352941176,0,0.264705882352941,0.0392156862745098,0.431372549019608,0.5,0,0.5
"1350",53,55239,11,59,0,1,3,5,23,779,0.0295250320924262,0.305519897304236,0.030808729139923,0.13607188703466,0.0218228498074454,0.476251604621309,0.304347826086957,0.217391304347826,0.478260869565217
"1351",81,57513,11,59,0,0,2,6,25,1060,0.0490566037735849,0.172641509433962,0.0188679245283019,0.0283018867924528,0.0377358490566038,0.693396226415094,0.36,0.12,0.52
"1353",47,71855,11,59,0,1,4,3,21,1141,0,0.369851007887818,0.098159509202454,0.0245398773006135,0.0271691498685364,0.480280455740578,0.238095238095238,0.238095238095238,0.523809523809524
"1354",48,7500,12,59,0,0,1,8,5,61,0.180327868852459,0.180327868852459,0.0163934426229508,0.262295081967213,0.262295081967213,0.0983606557377049,0.4,0,0.6
"1355",53,71969,12,59,0,1,3,8,16,1086,0,0.0699815837937385,0,0.00920810313075507,0,0.920810313075506,0.1875,0.25,0.5625
"1356",47,28973,12,59,0,0,2,8,11,269,0.0111524163568773,0.171003717472119,0.00743494423791822,0.0446096654275093,0,0.765799256505576,0.454545454545455,0.0909090909090909,0.454545454545455
"1357",73,80872,10,60,0,0,1,1,18,1336,0.0703592814371257,0.42440119760479,0.00898203592814371,0.0808383233532934,0.0538922155688623,0.361526946107784,0.222222222222222,0.222222222222222,0.555555555555556
"1358",68,84117,10,60,0,0,1,2,23,1566,0.0376756066411239,0.478288633461047,0.028735632183908,0.016602809706258,0.0485312899106003,0.390166028097063,0.304347826086957,0.434782608695652,0.260869565217391
"1359",66,38741,10,60,1,1,2,7,5,61,0.131147540983607,0.278688524590164,0.0983606557377049,0.213114754098361,0.163934426229508,0.114754098360656,0.4,0,0.6
"1360",51,38961,11,60,1,0,1,7,5,70,0,0.271428571428571,0.0142857142857143,0.342857142857143,0.1,0.271428571428571,0.4,0.2,0.4
"1361",56,75922,11,60,0,0,1,1,17,1295,0.172972972972973,0.427027027027027,0.0177606177606178,0.071042471042471,0.106563706563707,0.204633204633205,0.235294117647059,0.235294117647059,0.529411764705882
"1362",59,56962,11,60,2,1,7,7,14,411,0.024330900243309,0.187347931873479,0.0072992700729927,0.0632603406326034,0.0072992700729927,0.710462287104623,0.428571428571429,0.214285714285714,0.357142857142857
"1363",59,56962,11,60,2,1,7,7,14,411,0.024330900243309,0.187347931873479,0.0072992700729927,0.0632603406326034,0.0072992700729927,0.710462287104623,0.428571428571429,0.214285714285714,0.357142857142857
"1364",75,70165,11,60,0,0,1,1,21,926,0.214902807775378,0.273218142548596,0.206263498920086,0.131749460043197,0,0.173866090712743,0.142857142857143,0.333333333333333,0.523809523809524
"1365",51,65308,11,60,0,0,1,4,27,1211,0.0990916597853014,0.218001651527663,0.0660611065235343,0.0280759702725021,0,0.588769611890999,0.259259259259259,0.296296296296296,0.444444444444444
"1367",57,63246,11,60,0,2,1,4,21,772,0.0375647668393782,0.117875647668394,0.0284974093264249,0.00906735751295337,0.038860103626943,0.768134715025907,0.285714285714286,0.142857142857143,0.571428571428571
"1369",34,96843,11,60,0,0,1,2,27,1544,0.0259067357512953,0.615932642487047,0.0110103626943005,0.0110103626943005,0.0459844559585492,0.290155440414508,0.222222222222222,0.407407407407407,0.37037037037037
"1370",38,82333,11,60,0,0,1,2,17,1822,0.0252469813391877,0.197036223929748,0.048847420417124,0.00933040614709111,0,0.71953896816685,0.235294117647059,0.176470588235294,0.588235294117647
"1371",75,72643,11,60,0,0,1,2,20,1429,0.086074177746676,0.386983904828551,0.0657802659202239,0.0370888733379986,0.0559832050384885,0.368089573128062,0.15,0.5,0.35
"1373",68,55284,12,60,0,1,3,5,20,764,0,0.183246073298429,0.00916230366492147,0.0824607329842932,0.00916230366492147,0.715968586387435,0.35,0.25,0.4
"1374",45,15287,12,60,1,0,2,7,4,31,0.129032258064516,0.258064516129032,0.0967741935483871,0.419354838709677,0.0645161290322581,0.032258064516129,0.25,0.25,0.5
"1375",45,15287,12,60,1,0,2,7,4,31,0.129032258064516,0.258064516129032,0.0967741935483871,0.419354838709677,0.0645161290322581,0.032258064516129,0.25,0.25,0.5
"1376",37,51563,12,60,0,0,1,8,18,1250,0,0.0384,0,0.0288,0,0.9328,0.222222222222222,0.222222222222222,0.555555555555556
"1377",48,81929,12,60,1,0,2,6,18,2053,0.0238675109595714,0.135411592791038,0,0.0901120311738919,0.0267900633219679,0.723818801753531,0.222222222222222,0.222222222222222,0.555555555555556
"1379",51,60432,10,61,0,1,5,6,14,401,0.00997506234413965,0.0374064837905237,0.00748129675810474,0.027431421446384,0.00748129675810474,0.910224438902743,0.5,0.142857142857143,0.357142857142857
"1380",67,66726,10,61,1,1,3,7,14,438,0,0.0799086757990868,0,0.107305936073059,0.0159817351598174,0.796803652968037,0.571428571428571,0.142857142857143,0.285714285714286
"1381",65,62450,10,61,0,1,2,3,14,995,0.0623115577889447,0.268341708542714,0.0663316582914573,0.0381909547738693,0.0472361809045226,0.517587939698492,0.357142857142857,0.357142857142857,0.285714285714286
"1382",49,49514,11,61,1,0,2,7,11,369,0.157181571815718,0.211382113821138,0.035230352303523,0.252032520325203,0.105691056910569,0.238482384823848,0.545454545454545,0.0909090909090909,0.363636363636364
"1383",52,43269,11,61,1,0,1,8,3,19,0,0.368421052631579,0,0.0526315789473684,0.0526315789473684,0.526315789473684,0.333333333333333,0,0.666666666666667
"1384",65,33762,11,61,2,1,3,8,6,106,0.0188679245283019,0.320754716981132,0,0.150943396226415,0.00943396226415094,0.5,0.333333333333333,0.333333333333333,0.333333333333333
"1388",69,50737,11,61,0,1,1,6,6,99,0,0.111111111111111,0,0.101010101010101,0,0.787878787878788,0.333333333333333,0,0.666666666666667
"1389",68,26150,11,61,2,1,1,7,4,28,0.107142857142857,0.464285714285714,0.178571428571429,0.0357142857142857,0.0357142857142857,0.178571428571429,0.25,0,0.75
"1390",73,57304,11,61,0,1,2,5,23,1026,0.134502923976608,0.320662768031189,0.0165692007797271,0.103313840155945,0.0779727095516569,0.346978557504873,0.304347826086957,0.260869565217391,0.434782608695652
"1391",73,71107,11,61,0,1,2,4,26,1327,0.149208741522231,0.163526752072344,0.13112283345893,0.146948003014318,0.00753579502637528,0.401657874905803,0.269230769230769,0.230769230769231,0.5
"1393",66,81320,11,61,0,0,1,2,17,928,0.0635775862068965,0.53125,0.110991379310345,0.0614224137931034,0.0355603448275862,0.197198275862069,0.235294117647059,0.176470588235294,0.588235294117647
"1394",32,87000,12,61,0,0,1,2,17,961,0.0697190426638918,0.631633714880333,0.0176899063475546,0.0509885535900104,0.0260145681581686,0.203954214360042,0.235294117647059,0.352941176470588,0.411764705882353
"1395",50,40049,12,61,0,1,3,5,11,290,0.0344827586206897,0.179310344827586,0.151724137931034,0.096551724137931,0.224137931034483,0.313793103448276,0.272727272727273,0.181818181818182,0.545454545454545
"1396",54,63684,12,61,0,1,3,5,20,1464,0.14207650273224,0.292349726775956,0.0635245901639344,0.0546448087431694,0.0546448087431694,0.39275956284153,0.4,0.2,0.4
"1397",54,69016,12,61,0,1,4,5,30,1533,0.0802348336594912,0.23679060665362,0.0697977821265492,0.105022831050228,0.0345727332028702,0.473581213307241,0.266666666666667,0.3,0.433333333333333
"1398",45,7500,12,61,0,1,1,8,3,18,0.166666666666667,0.166666666666667,0,0.277777777777778,0.111111111111111,0.277777777777778,0.333333333333333,0,0.666666666666667
"1399",67,73803,12,61,0,1,2,6,20,1528,0.0340314136125654,0.237565445026178,0.0170157068062827,0.113874345549738,0.0523560209424084,0.545157068062827,0.45,0.25,0.3
"1400",51,46094,10,62,1,1,1,7,4,44,0.0681818181818182,0.454545454545455,0.0454545454545455,0.113636363636364,0.0454545454545455,0.272727272727273,0.25,0,0.75
"1401",51,85844,10,62,0,0,1,2,19,1958,0.0127681307456588,0.430541368743616,0.0485188968335036,0.0194075587334014,0.00970377936670072,0.47906026557712,0.31578947368421,0.31578947368421,0.368421052631579
"1402",69,38452,10,62,1,1,3,7,6,72,0,0.194444444444444,0,0.0277777777777778,0,0.777777777777778,0.5,0,0.5
"1403",69,38452,10,62,1,1,3,7,6,72,0,0.194444444444444,0,0.0277777777777778,0,0.777777777777778,0.5,0,0.5
"1404",69,80395,11,62,0,0,1,2,23,1380,0.0579710144927536,0.511594202898551,0.0550724637681159,0.0347826086956522,0.0181159420289855,0.322463768115942,0.260869565217391,0.217391304347826,0.521739130434783
"1406",75,35416,11,62,0,0,3,8,13,390,0.0102564102564103,0.207692307692308,0.00769230769230769,0.130769230769231,0.00769230769230769,0.635897435897436,0.538461538461538,0.0769230769230769,0.384615384615385
"1408",66,50729,11,62,1,1,9,6,15,496,0.0907258064516129,0.288306451612903,0.00806451612903226,0.104838709677419,0.0262096774193548,0.481854838709677,0.4,0.133333333333333,0.466666666666667
"1411",34,34412,11,62,1,0,3,9,8,209,0.0191387559808612,0.239234449760766,0.172248803827751,0.263157894736842,0.0574162679425837,0.248803827751196,0.625,0,0.375
"1412",39,31158,11,62,1,0,2,8,5,72,0.277777777777778,0.222222222222222,0,0.0694444444444444,0.0833333333333333,0.347222222222222,0.4,0,0.6
"1413",73,34838,11,62,1,1,3,6,7,170,0.170588235294118,0.170588235294118,0.0823529411764706,0.276470588235294,0.135294117647059,0.164705882352941,0.285714285714286,0.142857142857143,0.571428571428571
"1414",45,56775,11,62,0,1,2,5,23,937,0.0618996798292423,0.170757737459979,0.0373532550693703,0.0373532550693703,0.0373532550693703,0.655282817502668,0.217391304347826,0.347826086956522,0.434782608695652
"1415",75,54356,12,62,0,1,3,8,21,775,0.0258064516129032,0.0387096774193548,0,0,0.0193548387096774,0.916129032258065,0.523809523809524,0.0952380952380952,0.380952380952381
"1416",46,72159,12,62,0,0,1,2,20,1401,0.0242683797287652,0.641684511063526,0.0285510349750178,0.0378301213418986,0.0378301213418986,0.229835831548894,0.2,0.3,0.5
"1417",33,8028,12,62,0,0,15,19,1,178,0.0393258426966292,0.370786516853933,0.0674157303370786,0.0112359550561798,0.101123595505618,0.410112359550562,0,1,0
"1422",54,32303,10,63,0,1,2,5,5,39,0,0.0512820512820513,0,0.0512820512820513,0,0.897435897435897,0.2,0,0.8
"1423",56,55954,10,63,0,1,3,7,16,518,0,0.0540540540540541,0,0.083011583011583,0,0.862934362934363,0.5,0.125,0.375
"1426",46,63693,11,63,0,1,3,6,26,1150,0.0365217391304348,0.29304347826087,0.0756521739130435,0.0469565217391304,0.0373913043478261,0.510434782608696,0.423076923076923,0.230769230769231,0.346153846153846
"1427",46,63693,11,63,0,1,3,6,26,1150,0.0365217391304348,0.29304347826087,0.0756521739130435,0.0469565217391304,0.0373913043478261,0.510434782608696,0.423076923076923,0.230769230769231,0.346153846153846
"1428",39,19510,11,63,2,0,2,7,4,30,0.1,0.233333333333333,0.133333333333333,0.233333333333333,0,0.3,0.25,0,0.75
"1429",65,52332,11,63,0,0,1,4,11,259,0.027027027027027,0.127413127413127,0,0.00772200772200772,0.0193050193050193,0.818532818532819,0.272727272727273,0.181818181818182,0.545454545454545
"1432",75,74859,11,63,0,0,1,3,22,1565,0.0849840255591054,0.392332268370607,0.0651757188498403,0.0466453674121406,0.0466453674121406,0.364217252396166,0.272727272727273,0.227272727272727,0.5
"1433",53,40851,11,63,1,1,1,7,4,59,0,0.11864406779661,0.0677966101694915,0.406779661016949,0.0169491525423729,0.389830508474576,0.25,0.25,0.5
"1434",75,58607,12,63,0,1,3,8,14,972,0,0.088477366255144,0,0.0195473251028807,0,0.891975308641975,0.142857142857143,0.214285714285714,0.642857142857143
"1435",32,7500,12,63,1,0,4,9,7,119,0.0672268907563025,0.151260504201681,0.218487394957983,0.336134453781513,0.142857142857143,0.0840336134453782,0.428571428571429,0.285714285714286,0.285714285714286
"1436",49,52614,12,63,0,1,2,8,14,990,0.0121212121212121,0.143434343434343,0.00909090909090909,0.0383838383838384,0,0.796969696969697,0.142857142857143,0.285714285714286,0.571428571428571
"1437",49,52614,12,63,0,1,2,8,14,990,0.0121212121212121,0.143434343434343,0.00909090909090909,0.0383838383838384,0,0.796969696969697,0.142857142857143,0.285714285714286,0.571428571428571
"1438",50,67445,12,63,0,1,5,6,27,1174,0.0247018739352641,0.184838160136286,0.0681431005110733,0.00936967632027257,0.0681431005110733,0.644804088586031,0.333333333333333,0.222222222222222,0.444444444444444
"1439",50,67445,12,63,0,1,5,6,27,1174,0.0247018739352641,0.184838160136286,0.0681431005110733,0.00936967632027257,0.0681431005110733,0.644804088586031,0.333333333333333,0.222222222222222,0.444444444444444
"1440",50,67445,12,63,0,1,5,6,27,1174,0.0247018739352641,0.184838160136286,0.0681431005110733,0.00936967632027257,0.0681431005110733,0.644804088586031,0.333333333333333,0.222222222222222,0.444444444444444
"1441",56,36778,12,63,1,1,3,9,6,77,0.025974025974026,0.441558441558442,0.051948051948052,0.051948051948052,0.051948051948052,0.376623376623377,0.5,0,0.5
"1444",59,40760,11,64,0,1,2,6,6,93,0,0.182795698924731,0,0.0645161290322581,0,0.752688172043011,0.333333333333333,0.166666666666667,0.5
"1445",59,69969,11,64,0,0,1,3,12,1536,0.0247395833333333,0.334635416666667,0.0188802083333333,0.0286458333333333,0.0188802083333333,0.57421875,0.333333333333333,0.166666666666667,0.5
"1446",69,80317,11,64,0,0,1,1,17,1231,0.121039805036556,0.314378554021121,0.073923639317628,0.0463038180341186,0.00893582453290008,0.435418359057677,0.176470588235294,0.235294117647059,0.588235294117647
"1448",49,54730,11,64,0,1,5,4,13,405,0.00987654320987654,0.0419753086419753,0.017283950617284,0.138271604938272,0.00740740740740741,0.785185185185185,0.307692307692308,0.0769230769230769,0.615384615384615
"1449",53,42835,11,64,1,1,7,6,16,595,0.0201680672268908,0.156302521008403,0.0151260504201681,0.164705882352941,0.00672268907563025,0.636974789915966,0.375,0.375,0.25
"1450",59,53843,11,64,0,1,4,7,16,562,0.0338078291814947,0.156583629893238,0.00711743772241993,0.129893238434164,0,0.672597864768683,0.5,0.3125,0.1875
"1451",64,79530,11,64,0,0,1,2,25,1348,0.0956973293768546,0.60459940652819,0.0311572700296736,0.021513353115727,0,0.247032640949555,0.16,0.4,0.44
"1452",56,63841,11,64,0,1,1,6,21,908,0.0220264317180617,0.110132158590308,0.00770925110132159,0.144273127753304,0.0165198237885463,0.699339207048458,0.428571428571429,0.142857142857143,0.428571428571429
"1453",56,63841,11,64,0,1,1,6,21,908,0.0220264317180617,0.110132158590308,0.00770925110132159,0.144273127753304,0.0165198237885463,0.699339207048458,0.428571428571429,0.142857142857143,0.428571428571429
"1454",56,63841,11,64,0,1,1,6,21,908,0.0220264317180617,0.110132158590308,0.00770925110132159,0.144273127753304,0.0165198237885463,0.699339207048458,0.428571428571429,0.142857142857143,0.428571428571429
"1455",41,27100,11,64,1,0,1,7,4,37,0.0540540540540541,0.351351351351351,0,0.27027027027027,0,0.324324324324324,0.25,0,0.75
"1456",41,27100,11,64,1,0,1,7,4,37,0.0540540540540541,0.351351351351351,0,0.27027027027027,0,0.324324324324324,0.25,0,0.75
"1457",48,72309,11,64,0,0,1,3,19,1931,0.0258933195235629,0.457276022786121,0.0196789228379078,0,0,0.497151734852408,0.263157894736842,0.31578947368421,0.421052631578947
"1458",65,50664,11,64,1,1,9,9,15,561,0.0106951871657754,0.185383244206774,0.0071301247771836,0.224598930481283,0.0142602495543672,0.557932263814617,0.533333333333333,0.0666666666666667,0.4
"1459",45,20194,12,64,1,0,2,6,5,47,0.234042553191489,0.148936170212766,0.212765957446809,0.319148936170213,0.0851063829787234,0,0.4,0,0.6
"1460",49,76618,12,64,0,0,1,1,10,1511,0.0800794176042356,0.194573130377234,0.105890138980807,0.0972865651886168,0.0264725347452019,0.495698213103905,0.3,0.2,0.5
"1461",50,45207,12,64,1,1,5,6,10,215,0,0.0465116279069767,0,0.00930232558139535,0,0.944186046511628,0.3,0.1,0.6
"1462",52,56721,12,64,1,1,5,6,10,296,0.0202702702702703,0.131756756756757,0.0439189189189189,0.253378378378378,0.0202702702702703,0.530405405405405,0.4,0.1,0.5
"1463",58,27038,12,64,0,0,1,9,6,107,0.158878504672897,0.233644859813084,0.214953271028037,0.14018691588785,0.242990654205607,0.00934579439252336,0.5,0,0.5
"1464",47,23763,12,64,1,0,1,7,4,42,0.142857142857143,0.142857142857143,0.0476190476190476,0.142857142857143,0,0.523809523809524,0.25,0,0.75
"1465",49,37085,10,65,1,1,4,8,6,61,0.0327868852459016,0.262295081967213,0,0.0491803278688525,0.0163934426229508,0.639344262295082,0.5,0,0.5
"1466",58,49605,10,65,0,0,1,3,7,127,0.094488188976378,0.228346456692913,0.15748031496063,0.062992125984252,0.125984251968504,0.330708661417323,0.285714285714286,0.142857142857143,0.571428571428571
"1468",29,34824,10,65,0,0,1,6,3,23,0.0869565217391304,0.478260869565217,0,0.173913043478261,0.0869565217391304,0.173913043478261,0.333333333333333,0,0.666666666666667
"1469",29,34824,10,65,0,0,1,6,3,23,0.0869565217391304,0.478260869565217,0,0.173913043478261,0.0869565217391304,0.173913043478261,0.333333333333333,0,0.666666666666667
"1470",50,63206,10,65,0,0,1,2,13,928,0.0118534482758621,0.134698275862069,0.00862068965517241,0.0280172413793103,0.00862068965517241,0.808189655172414,0.307692307692308,0.230769230769231,0.461538461538462
"1471",52,26759,10,65,1,0,2,6,6,59,0.135593220338983,0.271186440677966,0.0847457627118644,0.0338983050847458,0.0508474576271186,0.423728813559322,0.333333333333333,0.166666666666667,0.5
"1472",48,55412,11,65,1,1,1,5,5,63,0.174603174603175,0.444444444444444,0.0158730158730159,0.126984126984127,0.0793650793650794,0.158730158730159,0.4,0,0.6
"1474",53,70886,11,65,1,0,1,2,13,960,0.107291666666667,0.248958333333333,0.0916666666666667,0.0552083333333333,0.0729166666666667,0.423958333333333,0.384615384615385,0.307692307692308,0.307692307692308
"1475",55,72679,11,65,0,1,1,1,16,1168,0.108732876712329,0.222602739726027,0.0462328767123288,0.0462328767123288,0.0462328767123288,0.529965753424658,0.25,0.4375,0.3125
"1476",81,65073,11,65,0,0,1,2,13,900,0.0766666666666667,0.196666666666667,0,0.00888888888888889,0.0188888888888889,0.698888888888889,0.384615384615385,0.230769230769231,0.384615384615385
"1477",59,44300,11,65,1,1,2,6,4,42,0,0.214285714285714,0,0.0714285714285714,0,0.714285714285714,0.25,0,0.75
"1482",48,79689,11,65,0,0,1,2,26,1315,0.136882129277567,0.486692015209125,0.0281368821292776,0.0920152091254753,0.0197718631178707,0.236501901140684,0.153846153846154,0.346153846153846,0.5
"1483",58,34704,11,65,0,1,1,5,4,40,0,0.125,0.025,0.125,0,0.725,0.25,0,0.75
"1484",62,65316,11,65,1,1,2,4,10,260,0.0115384615384615,0.353846153846154,0.0346153846153846,0.146153846153846,0.0230769230769231,0.430769230769231,0.3,0.2,0.5
"1485",46,41014,11,65,1,0,1,7,3,20,0.1,0.3,0,0.15,0.1,0.35,0.333333333333333,0,0.666666666666667
"1488",55,55212,12,65,0,1,3,8,17,1182,0,0.0380710659898477,0,0.0287648054145516,0,0.933164128595601,0.235294117647059,0.117647058823529,0.647058823529412
"1489",55,55212,12,65,0,1,3,8,17,1182,0,0.0380710659898477,0,0.0287648054145516,0,0.933164128595601,0.235294117647059,0.117647058823529,0.647058823529412
"1490",69,79800,12,65,0,0,1,3,21,1867,0.017139796464917,0.283877878950187,0,0.119978575254419,0.0112479914301018,0.567755757900375,0.238095238095238,0.523809523809524,0.238095238095238
"1491",57,70647,12,65,0,1,2,2,24,1079,0.0231696014828545,0.158480074142725,0.113994439295644,0.105653382761817,0.0787766450417053,0.519925857275255,0.166666666666667,0.291666666666667,0.541666666666667
"1492",50,38410,12,65,0,0,2,6,16,534,0.217228464419476,0.230337078651685,0.119850187265918,0.0262172284644195,0.119850187265918,0.286516853932584,0.3125,0.125,0.5625
"1493",44,28071,12,65,0,0,2,8,11,313,0.130990415335463,0.415335463258786,0.0830670926517572,0.140575079872204,0.105431309904153,0.124600638977636,0.454545454545455,0.0909090909090909,0.454545454545455
"1494",55,54803,12,65,0,1,2,4,17,693,0.0404040404040404,0.132756132756133,0.038961038961039,0.204906204906205,0,0.582972582972583,0.352941176470588,0.117647058823529,0.529411764705882
"1495",31,74293,10,66,0,0,1,2,15,1127,0.0825199645075421,0.297249334516415,0.0807453416149068,0.0718722271517303,0.134871339840284,0.332741792369122,0.333333333333333,0.266666666666667,0.4
"1496",31,74293,10,66,0,0,1,2,15,1127,0.0825199645075421,0.297249334516415,0.0807453416149068,0.0718722271517303,0.134871339840284,0.332741792369122,0.333333333333333,0.266666666666667,0.4
"1497",40,35684,10,66,1,0,1,6,4,30,0,0.233333333333333,0.2,0.1,0.133333333333333,0.333333333333333,0.25,0,0.75
"1499",43,41967,11,66,1,1,1,4,4,54,0,0.185185185185185,0.037037037037037,0.277777777777778,0.0740740740740741,0.425925925925926,0.25,0,0.75
"1500",48,49681,11,66,0,2,6,7,15,458,0,0.0567685589519651,0,0.0458515283842795,0,0.897379912663755,0.466666666666667,0.0666666666666667,0.466666666666667
"1501",48,49681,11,66,0,2,6,7,15,458,0,0.0567685589519651,0,0.0458515283842795,0,0.897379912663755,0.466666666666667,0.0666666666666667,0.466666666666667
"1504",39,70951,11,66,0,0,1,1,16,1198,0.212020033388982,0.462437395659432,0.0726210350584307,0.0450751252086811,0.00834724540901502,0.199499165275459,0.1875,0.25,0.5625
"1505",54,24206,11,66,1,0,1,6,4,25,0.12,0.32,0.08,0.12,0.08,0.28,0.25,0,0.75
"1506",39,55357,11,66,2,0,3,5,19,727,0.115543328748281,0.159559834938102,0.0343878954607978,0.0880330123796424,0.0880330123796424,0.514442916093535,0.31578947368421,0.105263157894737,0.578947368421053
"1507",65,58113,11,66,0,1,3,7,19,758,0.134564643799472,0.222955145118734,0.102902374670185,0.110817941952507,0.137203166226913,0.29155672823219,0.473684210526316,0.105263157894737,0.421052631578947
"1508",40,70643,12,66,0,0,1,6,17,1828,0.012582056892779,0.166301969365427,0.0782275711159737,0.0180525164113786,0.0585339168490153,0.666301969365427,0.294117647058824,0.470588235294118,0.235294117647059
"1509",39,64355,12,66,1,0,2,8,19,1445,0.0463667820069204,0.0968858131487889,0.0262975778546713,0.105882352941176,0,0.724567474048443,0.210526315789474,0.157894736842105,0.631578947368421
"1511",52,41644,10,67,1,1,2,3,4,31,0.0645161290322581,0.129032258064516,0,0.0645161290322581,0.0967741935483871,0.645161290322581,0.25,0,0.75
"1512",40,72570,10,67,0,0,1,1,22,1089,0.138659320477502,0.198347107438017,0.129476584022039,0.205693296602387,0.0762167125803489,0.251606978879706,0.181818181818182,0.272727272727273,0.545454545454545
"1513",59,30630,10,67,1,1,2,7,5,52,0.0384615384615385,0.230769230769231,0,0.192307692307692,0.0192307692307692,0.519230769230769,0.4,0,0.6
"1514",43,22944,11,67,1,0,3,7,6,76,0.0526315789473684,0.25,0.0657894736842105,0.342105263157895,0.0394736842105263,0.25,0.5,0,0.5
"1515",53,86979,11,67,0,0,1,2,15,1702,0.0381903642773208,0.490599294947121,0.0487661574618096,0.0205640423031727,0.0587544065804935,0.343125734430082,0.333333333333333,0.333333333333333,0.333333333333333
"1518",51,52034,11,67,1,1,5,7,11,332,0.0210843373493976,0.280120481927711,0.0391566265060241,0.219879518072289,0,0.439759036144578,0.363636363636364,0.181818181818182,0.454545454545455
"1519",31,72354,11,67,0,0,1,1,18,1228,0.179153094462541,0.385179153094463,0.00977198697068404,0.148208469055375,0.0211726384364821,0.256514657980456,0.111111111111111,0.555555555555556,0.333333333333333
"1522",55,39858,11,67,1,0,1,6,6,95,0.0210526315789474,0.263157894736842,0.0736842105263158,0.273684210526316,0.210526315789474,0.157894736842105,0.333333333333333,0,0.666666666666667
"1523",73,67381,11,67,0,1,4,7,13,957,0.0114942528735632,0.0553814002089864,0,0.0731452455590387,0.0083594566353187,0.851619644723093,0.153846153846154,0.153846153846154,0.692307692307692
"1524",59,23529,11,67,0,1,1,6,4,54,0.0555555555555556,0.240740740740741,0.037037037037037,0.37037037037037,0.12962962962963,0.166666666666667,0.25,0.25,0.5
"1525",57,51479,12,67,1,1,7,7,15,494,0.0121457489878543,0.323886639676113,0.0161943319838057,0.131578947368421,0.0161943319838057,0.5,0.4,0.2,0.4
"1526",49,76068,12,67,0,1,1,6,9,1376,0.0239825581395349,0.0930232558139535,0.00872093023255814,0.0552325581395349,0.00872093023255814,0.81031976744186,0.222222222222222,0.333333333333333,0.444444444444444
"1527",70,22507,12,67,0,0,3,9,16,570,0.0894736842105263,0.396491228070175,0.275438596491228,0.119298245614035,0,0.119298245614035,0.625,0.125,0.25
"1528",40,52413,12,67,1,0,2,7,15,450,0.124444444444444,0.295555555555556,0.124444444444444,0.0266666666666667,0.0177777777777778,0.411111111111111,0.466666666666667,0.0666666666666667,0.466666666666667
"1530",62,76624,10,68,0,1,1,1,22,899,0.0600667408231368,0.163515016685206,0.127919911012236,0.0734149054505006,0.117908787541713,0.457174638487208,0.227272727272727,0.454545454545455,0.318181818181818
"1532",78,62159,10,68,0,0,1,4,18,634,0.121451104100946,0.408517350157729,0.110410094637224,0.0457413249211356,0.026813880126183,0.287066246056782,0.333333333333333,0.111111111111111,0.555555555555556
"1533",59,66294,10,68,0,0,1,2,12,967,0.0672182006204757,0.345398138572906,0.0951396070320579,0.120992761116856,0.111685625646329,0.259565667011375,0.333333333333333,0.25,0.416666666666667
"1536",60,85620,10,68,0,0,1,1,13,1600,0.0375,0.578125,0.066875,0.02875,0.02875,0.26,0.230769230769231,0.461538461538462,0.307692307692308
"1538",37,41020,11,68,0,0,1,3,9,217,0.032258064516129,0.248847926267281,0.032258064516129,0.165898617511521,0.00460829493087558,0.516129032258065,0.333333333333333,0.222222222222222,0.444444444444444
"1539",40,36108,11,68,1,0,3,9,12,339,0.00884955752212389,0.380530973451327,0.0324483775811209,0.138643067846608,0.023598820058997,0.415929203539823,0.583333333333333,0.0833333333333333,0.333333333333333
"1540",73,57530,11,68,0,1,1,1,6,92,0.0652173913043478,0.293478260869565,0.0760869565217391,0.0108695652173913,0.0108695652173913,0.543478260869565,0.166666666666667,0.166666666666667,0.666666666666667
"1541",60,62905,11,68,0,1,3,4,17,622,0.191318327974277,0.154340836012862,0.172025723472669,0.0948553054662379,0.120578778135048,0.266881028938907,0.411764705882353,0.117647058823529,0.470588235294118
"1542",79,65846,11,68,0,0,1,4,15,1120,0.0714285714285714,0.246428571428571,0.0357142857142857,0.0723214285714286,0.0723214285714286,0.501785714285714,0.4,0.2,0.4
"1543",47,34380,11,68,1,0,4,8,8,175,0.0742857142857143,0.331428571428571,0.00571428571428571,0.137142857142857,0.04,0.411428571428571,0.5,0.125,0.375
"1544",60,41638,11,68,0,1,4,8,13,441,0.0090702947845805,0.0702947845804989,0,0.206349206349206,0,0.714285714285714,0.384615384615385,0.384615384615385,0.230769230769231
"1547",67,43140,11,68,0,1,1,6,10,235,0.025531914893617,0.323404255319149,0,0.0468085106382979,0.0340425531914894,0.570212765957447,0.4,0.1,0.5
"1548",53,52531,12,68,0,0,2,6,19,794,0.0642317380352645,0.190176322418136,0.0906801007556675,0.157430730478589,0.141057934508816,0.356423173803526,0.368421052631579,0.105263157894737,0.526315789473684
"1549",47,40246,12,68,1,0,1,6,3,13,0.153846153846154,0.461538461538462,0.0769230769230769,0.0769230769230769,0.0769230769230769,0.153846153846154,0.333333333333333,0,0.666666666666667
"1552",39,70596,12,68,0,0,1,2,20,968,0.0175619834710744,0.551652892561983,0,0.0268595041322314,0.0454545454545455,0.358471074380165,0.15,0.25,0.6
"1553",39,70596,12,68,0,0,1,2,20,968,0.0175619834710744,0.551652892561983,0,0.0268595041322314,0.0454545454545455,0.358471074380165,0.15,0.25,0.6
"1554",62,52597,10,69,0,1,3,5,17,578,0.0121107266435986,0.0640138408304498,0,0.0726643598615917,0,0.85121107266436,0.352941176470588,0.176470588235294,0.470588235294118
"1555",52,42394,10,69,1,0,1,7,4,32,0,0.3125,0.03125,0.125,0.0625,0.46875,0.25,0,0.75
"1556",55,81657,10,69,0,0,1,1,15,1097,0.144029170464904,0.387420237010027,0.0546946216955333,0.0455788514129444,0.0364630811303555,0.331814038286235,0.2,0.266666666666667,0.533333333333333
"1557",64,49154,11,69,1,1,6,6,13,411,0.072992700729927,0.16301703163017,0.0656934306569343,0.172749391727494,0.024330900243309,0.501216545012166,0.307692307692308,0.0769230769230769,0.615384615384615
"1560",69,70638,11,69,0,0,1,3,19,1334,0.0119940029985007,0.161169415292354,0.00899550224887556,0.0472263868065967,0.00899550224887556,0.761619190404798,0.210526315789474,0.263157894736842,0.526315789473684
"1561",46,38136,11,69,1,0,2,8,6,103,0,0.262135922330097,0.194174757281553,0.320388349514563,0.145631067961165,0.0776699029126214,0.5,0.166666666666667,0.333333333333333
"1562",51,67432,11,69,0,1,2,4,17,1335,0.132584269662921,0.255430711610487,0.10187265917603,0.127340823970037,0.0591760299625468,0.323595505617978,0.470588235294118,0.294117647058824,0.235294117647059
"1565",41,101970,11,69,0,0,0,2,27,1135,0.0387665198237885,0.0898678414096916,0.0634361233480176,0.148017621145374,0.0237885462555066,0.636123348017621,0.222222222222222,0.296296296296296,0.481481481481481
"1566",52,44325,11,69,0,1,4,8,17,542,0,0.0387453874538745,0,0.00922509225092251,0,0.952029520295203,0.470588235294118,0.117647058823529,0.411764705882353
"1567",76,61467,12,69,0,2,3,5,17,594,0,0.191919191919192,0.00841750841750842,0.0824915824915825,0.0269360269360269,0.69023569023569,0.294117647058824,0.117647058823529,0.588235294117647
"1568",49,48178,12,69,1,1,6,8,10,254,0.0236220472440945,0.177165354330709,0.0078740157480315,0.149606299212598,0.015748031496063,0.625984251968504,0.5,0.1,0.4
"1569",44,16005,12,69,1,0,3,8,5,103,0.194174757281553,0.0194174757281553,0.29126213592233,0.45631067961165,0.029126213592233,0.00970873786407767,0.4,0.2,0.4
"1570",51,79593,10,70,0,0,1,2,18,1366,0.0805270863836018,0.415812591508053,0.0973645680819912,0.10614934114202,0.0439238653001464,0.256222547584187,0.277777777777778,0.333333333333333,0.388888888888889
"1571",51,79593,10,70,0,0,1,2,18,1366,0.0805270863836018,0.415812591508053,0.0973645680819912,0.10614934114202,0.0439238653001464,0.256222547584187,0.277777777777778,0.333333333333333,0.388888888888889
"1572",65,61180,10,70,0,1,2,3,16,704,0.00852272727272727,0.0411931818181818,0.0340909090909091,0.309659090909091,0.0340909090909091,0.572443181818182,0.3125,0.3125,0.375
"1573",35,64449,10,70,1,0,4,4,20,805,0.170186335403727,0.350310559006211,0.0434782608695652,0.0869565217391304,0.0782608695652174,0.270807453416149,0.25,0.15,0.6
"1574",61,77437,11,70,0,0,1,1,22,1125,0.0257777777777778,0.392888888888889,0.0391111111111111,0.0257777777777778,0.0186666666666667,0.497777777777778,0.181818181818182,0.227272727272727,0.590909090909091
"1575",48,17649,11,70,1,0,3,8,6,45,0,0.511111111111111,0.111111111111111,0.0222222222222222,0.0222222222222222,0.333333333333333,0.5,0,0.5
"1578",53,74290,11,70,0,1,4,6,28,1217,0,0.0591618734593262,0.00986031224322103,0.00986031224322103,0,0.921117502054232,0.357142857142857,0.285714285714286,0.357142857142857
"1579",73,72282,11,70,0,0,1,7,21,1331,0.067618332081142,0.314800901577761,0.104432757325319,0.114951164537941,0.0202854996243426,0.377911344853494,0.238095238095238,0.333333333333333,0.428571428571429
"1582",63,46524,11,70,0,1,2,3,7,177,0.146892655367232,0.19774011299435,0.0790960451977401,0.293785310734463,0.107344632768362,0.175141242937853,0.142857142857143,0.142857142857143,0.714285714285714
"1584",34,18222,12,70,0,0,1,8,5,67,0.17910447761194,0.283582089552239,0.0895522388059701,0.208955223880597,0.0597014925373134,0.17910447761194,0.4,0,0.6
"1585",72,77610,12,70,0,1,2,7,15,1680,0.0125,0.197619047619048,0.0196428571428571,0.00952380952380952,0.0196428571428571,0.741071428571429,0.266666666666667,0.466666666666667,0.266666666666667
"1586",54,38097,12,70,1,1,4,7,7,184,0,0.190217391304348,0.00543478260869565,0.375,0.0108695652173913,0.418478260869565,0.428571428571429,0.285714285714286,0.285714285714286
"1587",56,44377,12,70,1,1,8,8,11,264,0,0.113636363636364,0,0.0378787878787879,0,0.848484848484849,0.454545454545455,0.0909090909090909,0.454545454545455
"1588",43,58684,10,71,0,0,1,2,20,813,0.034440344403444,0.220172201722017,0.00861008610086101,0.104551045510455,0.043050430504305,0.589175891758918,0.25,0.15,0.6
"1589",59,66480,10,71,1,1,7,4,12,312,0.0641025641025641,0.182692307692308,0.0673076923076923,0.0192307692307692,0.0288461538461538,0.637820512820513,0.333333333333333,0.0833333333333333,0.583333333333333
"1590",72,49638,10,71,0,1,1,2,4,39,0.0769230769230769,0.0769230769230769,0.128205128205128,0,0.256410256410256,0.461538461538462,0.25,0,0.75
"1592",57,26642,10,71,1,0,2,6,5,42,0.0476190476190476,0.357142857142857,0.0476190476190476,0.19047619047619,0.0476190476190476,0.30952380952381,0.4,0,0.6
"1595",65,36732,11,71,1,1,3,2,6,47,0.212765957446809,0.0638297872340425,0.0212765957446809,0.148936170212766,0.106382978723404,0.446808510638298,0.166666666666667,0.166666666666667,0.666666666666667
"1597",60,64140,11,71,0,2,5,5,13,1750,0,0.0348571428571429,0.00857142857142857,0.122857142857143,0,0.833714285714286,0.153846153846154,0.384615384615385,0.461538461538462
"1599",34,16185,11,71,1,0,2,8,6,106,0.19811320754717,0.150943396226415,0.0754716981132075,0.424528301886792,0.10377358490566,0.0471698113207547,0.333333333333333,0.333333333333333,0.333333333333333
"1601",61,54072,11,71,1,1,1,8,4,39,0,0.102564102564103,0,0,0,0.897435897435897,0.5,0,0.5
"1602",37,61787,11,71,0,0,1,5,18,1319,0.0591357088703563,0.313874147081122,0.0363912054586808,0.064442759666414,0.0553449583017437,0.470811220621683,0.444444444444444,0.222222222222222,0.333333333333333
"1603",32,34935,11,71,0,0,1,7,7,137,0.0218978102189781,0.481751824817518,0.072992700729927,0.145985401459854,0.0291970802919708,0.248175182481752,0.285714285714286,0.142857142857143,0.571428571428571
"1604",32,34935,11,71,0,0,1,7,7,137,0.0218978102189781,0.481751824817518,0.072992700729927,0.145985401459854,0.0291970802919708,0.248175182481752,0.285714285714286,0.142857142857143,0.571428571428571
"1607",69,57959,11,71,0,1,5,3,22,868,0.0495391705069124,0.370967741935484,0.0276497695852535,0.0380184331797235,0.0184331797235023,0.495391705069124,0.181818181818182,0.318181818181818,0.5
"1608",41,92491,11,71,0,0,1,3,24,2034,0.0142576204523107,0.45968534906588,0.012291052114061,0.0108161258603736,0.0216322517207473,0.481317600786627,0.291666666666667,0.208333333333333,0.5
"1609",40,42207,11,71,1,0,4,6,10,265,0.0113207547169811,0.271698113207547,0.0641509433962264,0.173584905660377,0.0415094339622641,0.437735849056604,0.4,0.1,0.5
"1610",68,46984,11,71,1,1,1,5,4,41,0.048780487804878,0.24390243902439,0.024390243902439,0.195121951219512,0.024390243902439,0.463414634146341,0.25,0,0.75
"1611",37,23442,12,71,1,0,1,7,4,27,0.296296296296296,0.222222222222222,0.222222222222222,0.185185185185185,0,0.0740740740740741,0.25,0,0.75
"1612",61,46757,12,71,0,1,6,9,15,1143,0,0.142607174103237,0.0446194225721785,0.10673665791776,0.026246719160105,0.679790026246719,0.266666666666667,0.266666666666667,0.466666666666667
"1614",38,80910,12,71,0,0,1,1,14,756,0.0886243386243386,0.488095238095238,0.0515873015873016,0.0542328042328042,0.105820105820106,0.211640211640212,0.214285714285714,0.214285714285714,0.571428571428571
"1616",54,44802,12,71,0,0,2,8,25,1049,0.0123927550047664,0.136320305052431,0.00953288846520496,0.0190657769304099,0.00953288846520496,0.813155386081983,0.36,0.16,0.48
"1617",48,79941,10,72,0,0,1,1,15,984,0.230691056910569,0.270325203252033,0.0304878048780488,0.176829268292683,0.166666666666667,0.125,0.133333333333333,0.266666666666667,0.6
"1618",55,79734,10,72,0,0,1,1,13,914,0.025164113785558,0.25382932166302,0.0678336980306346,0.0185995623632385,0.0087527352297593,0.62582056892779,0.307692307692308,0.230769230769231,0.461538461538462
"1619",47,50353,10,72,0,0,1,3,14,442,0.15158371040724,0.346153846153846,0.0701357466063348,0.079185520361991,0.0339366515837104,0.319004524886878,0.285714285714286,0.285714285714286,0.428571428571429
"1621",52,78075,10,72,0,0,1,1,13,988,0.034412955465587,0.262145748987854,0.0354251012145749,0.0809716599190283,0.00809716599190283,0.578947368421053,0.230769230769231,0.384615384615385,0.384615384615385
"1622",48,42473,10,72,1,1,3,5,7,144,0,0.145833333333333,0.0277777777777778,0.173611111111111,0.00694444444444444,0.645833333333333,0.285714285714286,0.142857142857143,0.571428571428571
"1623",36,25008,10,72,1,0,2,8,4,34,0.176470588235294,0.235294117647059,0.0294117647058824,0.264705882352941,0.235294117647059,0.0588235294117647,0.25,0,0.75
"1624",76,56223,11,72,0,1,2,4,8,156,0.102564102564103,0.198717948717949,0,0.0256410256410256,0.17948717948718,0.493589743589744,0.25,0.125,0.625
"1625",44,47850,11,72,1,0,1,6,7,134,0.149253731343284,0.32089552238806,0.0895522388059701,0.0746268656716418,0.0522388059701493,0.313432835820896,0.428571428571429,0,0.571428571428571
"1627",59,40637,11,72,1,1,2,7,4,38,0,0.342105263157895,0,0.0789473684210526,0,0.578947368421053,0.25,0,0.75
"1628",65,23295,11,72,0,0,1,8,3,20,0.1,0.05,0.6,0.25,0,0,0.333333333333333,0,0.666666666666667
"1629",72,84574,11,72,0,0,1,5,31,1375,0.0276363636363636,0.518545454545455,0.0392727272727273,0.118545454545455,0.0145454545454545,0.281454545454545,0.290322580645161,0.354838709677419,0.354838709677419
"1631",43,28510,11,72,1,1,3,5,6,91,0,0.208791208791209,0.043956043956044,0.208791208791209,0.0549450549450549,0.483516483516484,0.333333333333333,0,0.666666666666667
"1632",68,67131,11,72,0,1,3,6,23,976,0.0952868852459016,0.256147540983607,0.0358606557377049,0.0635245901639344,0.0727459016393443,0.476434426229508,0.391304347826087,0.0869565217391304,0.521739130434783
"1633",55,56242,11,72,0,1,5,6,23,971,0.0113285272914521,0.171987641606591,0.0082389289392379,0.0906282183316169,0.0082389289392379,0.709577754891864,0.347826086956522,0.173913043478261,0.478260869565217
"1634",41,86580,11,72,0,0,0,1,11,746,0.0348525469168901,0.170241286863271,0.0268096514745308,0.0268096514745308,0.0281501340482574,0.71313672922252,0.363636363636364,0.181818181818182,0.454545454545455
"1636",62,54693,11,72,0,1,8,6,23,929,0.0247578040904198,0.152852529601722,0.0279870828848224,0.0376749192680301,0.0182992465016146,0.738428417653391,0.260869565217391,0.173913043478261,0.565217391304348
"1637",69,52750,11,72,0,1,6,4,21,860,0.104651162790698,0.277906976744186,0.0802325581395349,0.0802325581395349,0,0.456976744186047,0.238095238095238,0.333333333333333,0.428571428571429
"1638",56,36997,11,72,1,1,5,5,7,94,0.0851063829787234,0.127659574468085,0,0.287234042553192,0.0425531914893617,0.457446808510638,0.285714285714286,0.142857142857143,0.571428571428571
"1640",64,47916,12,72,0,1,5,6,17,606,0,0.0429042904290429,0,0.123762376237624,0,0.833333333333333,0.411764705882353,0.235294117647059,0.352941176470588
"1642",52,79930,12,72,0,0,1,2,16,1753,0.038220193953223,0.422133485453508,0.029092983456931,0.00969766115231033,0.0490587564175699,0.451796919566458,0.1875,0.3125,0.5
"1643",54,55158,12,72,1,1,4,7,14,418,0.00956937799043062,0.208133971291866,0.0263157894736842,0.0550239234449761,0,0.700956937799043,0.5,0.142857142857143,0.357142857142857
"1644",66,85485,10,73,0,0,1,2,18,1383,0.0318148951554591,0.44179320318149,0.0130151843817787,0.0390455531453362,0.0187997107736804,0.455531453362256,0.333333333333333,0.333333333333333,0.333333333333333
"1645",81,75865,10,73,0,0,1,1,18,1242,0.1256038647343,0.475845410628019,0,0.00966183574879227,0,0.388888888888889,0.166666666666667,0.277777777777778,0.555555555555556
"1646",59,44375,10,73,0,1,1,5,11,301,0.0232558139534884,0.0930232558139535,0.0232558139534884,0.136212624584718,0.0166112956810631,0.707641196013289,0.363636363636364,0.0909090909090909,0.545454545454545
"1647",53,60504,10,73,0,1,2,6,16,526,0.0114068441064639,0.0456273764258555,0.00760456273764259,0.064638783269962,0,0.870722433460076,0.375,0.125,0.5
"1648",65,65492,10,73,0,0,2,2,24,1045,0.200956937799043,0.282296650717703,0.0813397129186603,0.0449760765550239,0.154066985645933,0.236363636363636,0.166666666666667,0.291666666666667,0.541666666666667
"1649",44,67506,10,73,0,1,1,3,11,331,0.0996978851963746,0.202416918429003,0.108761329305136,0.202416918429003,0.114803625377644,0.27190332326284,0.363636363636364,0.0909090909090909,0.545454545454545
"1650",65,68805,11,73,0,1,1,2,11,283,0.0600706713780919,0.173144876325088,0.0459363957597173,0.0706713780918728,0.00706713780918728,0.643109540636042,0.272727272727273,0.0909090909090909,0.636363636363636
"1651",54,61209,11,73,0,0,1,2,12,957,0.124346917450366,0.234064785788924,0.0512016718913271,0.103448275862069,0,0.486938349007315,0.416666666666667,0.25,0.333333333333333
"1653",41,87188,11,73,0,0,1,3,18,1923,0.0254810192407696,0.376495059802392,0.0384815392615705,0.0286011440457618,0.0577223088923557,0.47321892875715,0.555555555555556,0.111111111111111,0.333333333333333
"1654",71,84953,11,73,0,0,1,2,17,1024,0.0615234375,0.587890625,0.0703125,0.0703125,0.046875,0.1630859375,0.176470588235294,0.588235294117647,0.235294117647059
"1655",70,74637,11,73,0,0,1,3,24,1650,0.0884848484848485,0.281212121212121,0,0.0096969696969697,0.0387878787878788,0.581818181818182,0.25,0.375,0.375
"1656",62,86111,11,73,0,0,1,2,22,1385,0.0259927797833935,0.545848375451264,0.0288808664259928,0.0909747292418773,0.0202166064981949,0.288086642599278,0.227272727272727,0.318181818181818,0.454545454545455
"1658",51,31814,11,73,1,0,2,9,5,83,0.0481927710843374,0.240963855421687,0.0120481927710843,0.240963855421687,0.036144578313253,0.421686746987952,0.4,0,0.6
"1659",52,70116,11,73,0,0,1,1,22,1536,0.0618489583333333,0.392578125,0.0377604166666667,0.0188802083333333,0.0286458333333333,0.460286458333333,0.0909090909090909,0.363636363636364,0.545454545454545
"1660",55,48240,12,73,0,0,3,5,22,882,0.072562358276644,0.281179138321995,0.0555555555555556,0.0464852607709751,0.103174603174603,0.441043083900227,0.272727272727273,0.136363636363636,0.590909090909091
"1662",71,70503,12,73,0,0,1,6,15,1727,0,0.12507237984945,0.0191082802547771,0.0382165605095541,0.0191082802547771,0.798494499131442,0.133333333333333,0.266666666666667,0.6
"1663",49,79205,12,73,0,0,1,4,15,895,0.2,0.13072625698324,0.0312849162011173,0.0491620111731844,0.0256983240223464,0.563128491620112,0.4,0.333333333333333,0.266666666666667
"1664",44,51766,10,74,1,0,2,5,10,275,0.0218181818181818,0.316363636363636,0.0727272727272727,0.185454545454545,0.185454545454545,0.218181818181818,0.4,0.2,0.4
"1669",39,19986,11,74,1,0,1,7,3,22,0,0.227272727272727,0.0909090909090909,0.272727272727273,0.272727272727273,0.136363636363636,0,0,1
"1670",39,19986,11,74,1,0,1,7,3,22,0,0.227272727272727,0.0909090909090909,0.272727272727273,0.272727272727273,0.136363636363636,0,0,1
"1671",39,72903,11,74,0,0,1,4,20,2013,0,0.3725782414307,0.00943864878291108,0.0193740685543964,0.0685543964232489,0.530054644808743,0.35,0.25,0.4
"1672",76,45072,11,74,1,2,5,8,11,284,0.0246478873239437,0.348591549295775,0.00704225352112676,0.105633802816901,0.00704225352112676,0.507042253521127,0.545454545454545,0.0909090909090909,0.363636363636364
"1673",57,59062,11,74,2,1,2,4,5,71,0.0422535211267606,0.169014084507042,0,0.126760563380282,0.0140845070422535,0.647887323943662,0.4,0,0.6
"1674",63,61794,11,74,0,1,2,2,18,611,0.088379705400982,0.307692307692308,0.0769230769230769,0.0180032733224223,0.0769230769230769,0.432078559738134,0.222222222222222,0.222222222222222,0.555555555555556
"1677",55,26877,11,74,0,0,2,6,10,268,0.0746268656716418,0.283582089552239,0.0671641791044776,0.149253731343284,0.0485074626865672,0.376865671641791,0.3,0.1,0.6
"1678",59,36921,11,74,1,1,2,7,5,38,0.0789473684210526,0.31578947368421,0.0263157894736842,0.105263157894737,0.0263157894736842,0.447368421052632,0.4,0,0.6
"1680",55,62772,11,74,0,1,1,2,22,946,0.0454545454545455,0.165961945031712,0.00845665961945032,0.114164904862579,0.0517970401691332,0.614164904862579,0.227272727272727,0.272727272727273,0.5
"1681",65,75032,11,74,0,1,2,3,18,1215,0.0386831275720165,0.148148148148148,0.00987654320987654,0.00987654320987654,0.00987654320987654,0.783539094650206,0.277777777777778,0.222222222222222,0.5
"1682",61,22419,11,74,0,0,1,8,7,162,0.117283950617284,0.290123456790123,0.12962962962963,0.259259259259259,0.0185185185185185,0.185185185185185,0.428571428571429,0.285714285714286,0.285714285714286
"1683",61,22419,11,74,0,0,1,8,7,162,0.117283950617284,0.290123456790123,0.12962962962963,0.259259259259259,0.0185185185185185,0.185185185185185,0.428571428571429,0.285714285714286,0.285714285714286
"1684",46,36550,11,74,1,0,5,9,15,577,0.21317157712305,0.162911611785095,0.178509532062392,0.207972270363951,0.155979202772964,0.0814558058925477,0.6,0.0666666666666667,0.333333333333333
"1685",71,75027,11,74,0,1,2,5,19,1390,0.0956834532374101,0.128776978417266,0.00863309352517986,0.0553956834532374,0.0460431654676259,0.66546762589928,0.473684210526316,0.210526315789474,0.31578947368421
"1686",50,63159,12,74,0,0,1,3,16,1797,0.0495269894268225,0.326099053978854,0.0478575403450195,0.0205898720089037,0.0189204229271007,0.5370061213133,0.1875,0.3125,0.5
"1687",51,54108,12,74,1,1,13,8,19,747,0.0107095046854083,0.121820615796519,0.00803212851405622,0.129852744310576,0.00803212851405622,0.721552878179384,0.421052631578947,0.105263157894737,0.473684210526316
"1688",72,81795,12,74,0,0,1,2,22,1382,0.0195369030390738,0.501447178002894,0.085383502170767,0.0636758321273517,0.0955137481910275,0.234442836468886,0.181818181818182,0.5,0.318181818181818
"1689",59,59594,12,74,0,1,1,7,16,499,0,0.0581162324649299,0,0.0180360721442886,0.00801603206412826,0.915831663326653,0.5,0.0625,0.4375
"1691",66,94472,10,75,0,1,1,5,15,1691,0.0638675340035482,0.246599645180367,0.0591366055588409,0.00946185688941455,0.0195150798344175,0.601419278533412,0.333333333333333,0.333333333333333,0.333333333333333
"1692",45,70337,10,75,0,0,1,1,16,576,0.0434027777777778,0.258680555555556,0.0746527777777778,0.157986111111111,0.140625,0.324652777777778,0.125,0.125,0.75
"1693",51,34853,11,75,1,1,2,6,5,34,0.0588235294117647,0.441176470588235,0.0882352941176471,0.0588235294117647,0.0882352941176471,0.264705882352941,0.4,0,0.6
"1695",40,16269,11,75,1,0,3,8,6,44,0.0681818181818182,0.409090909090909,0.0227272727272727,0,0.0681818181818182,0.431818181818182,0.5,0,0.5
"1697",53,22804,11,75,1,0,1,9,4,26,0.0769230769230769,0.269230769230769,0.0384615384615385,0.0384615384615385,0.0384615384615385,0.538461538461538,0.5,0,0.5
"1698",53,22804,11,75,1,0,1,9,4,26,0.0769230769230769,0.269230769230769,0.0384615384615385,0.0384615384615385,0.0384615384615385,0.538461538461538,0.5,0,0.5
"1699",50,30631,11,75,1,0,1,7,6,70,0.0571428571428571,0.285714285714286,0.0714285714285714,0.285714285714286,0.0857142857142857,0.214285714285714,0.5,0.166666666666667,0.333333333333333
"1700",58,78420,11,75,0,0,1,1,21,1453,0.0626290433585685,0.463867859600826,0.0192704748795595,0.0192704748795595,0.0192704748795595,0.415691672401927,0.142857142857143,0.476190476190476,0.380952380952381
"1701",44,81741,11,75,0,0,0,2,19,1572,0.0368956743002544,0.597964376590331,0.0852417302798982,0.0241730279898219,0.0973282442748092,0.158396946564885,0.31578947368421,0.31578947368421,0.368421052631579
"1702",53,25721,11,75,1,0,1,7,4,34,0.0882352941176471,0.176470588235294,0.176470588235294,0.441176470588235,0.0882352941176471,0.0294117647058824,0.25,0.25,0.5
"1703",52,31907,11,75,0,0,1,7,13,449,0.389755011135857,0.142538975501114,0.0356347438752784,0.164810690423163,0.193763919821826,0.0734966592427617,0.461538461538462,0.0769230769230769,0.461538461538462
"1704",62,37859,11,75,1,2,2,8,4,36,0.0555555555555556,0.222222222222222,0.0277777777777778,0.0555555555555556,0.0277777777777778,0.611111111111111,0.25,0,0.75
"1707",46,21282,10,76,1,0,2,6,5,46,0.0869565217391304,0.173913043478261,0.173913043478261,0.434782608695652,0.108695652173913,0.0217391304347826,0.4,0.2,0.4
"1709",70,62637,10,76,0,1,1,2,9,185,0.0216216216216216,0.259459459459459,0.0648648648648649,0.027027027027027,0.0648648648648649,0.562162162162162,0.222222222222222,0.222222222222222,0.555555555555556
"1711",53,54690,11,76,1,1,3,3,9,198,0.0353535353535354,0.186868686868687,0.0454545454545455,0.0909090909090909,0.0808080808080808,0.560606060606061,0.333333333333333,0.111111111111111,0.555555555555556
"1712",53,54690,11,76,1,1,3,3,9,198,0.0353535353535354,0.186868686868687,0.0454545454545455,0.0909090909090909,0.0808080808080808,0.560606060606061,0.333333333333333,0.111111111111111,0.555555555555556
"1713",69,61284,11,76,0,0,1,6,21,811,0.0246609124537608,0.130702836004932,0.00863131935881628,0.0554870530209618,0.0184956843403206,0.762022194821208,0.523809523809524,0.0952380952380952,0.380952380952381
"1714",48,23718,11,76,1,0,3,7,6,81,0.185185185185185,0.17283950617284,0.0864197530864197,0.444444444444444,0.037037037037037,0.0740740740740741,0.5,0.166666666666667,0.333333333333333
"1715",62,33419,11,76,0,1,2,7,6,86,0,0.13953488372093,0,0.209302325581395,0,0.651162790697674,0.333333333333333,0,0.666666666666667
"1716",41,82025,11,76,0,0,1,1,11,1187,0.0404380791912384,0.510530749789385,0.058972198820556,0.0825610783487784,0.0825610783487784,0.224936815501264,0.272727272727273,0.181818181818182,0.545454545454545
"1717",66,15056,11,76,1,1,5,5,7,88,0.238636363636364,0.0340909090909091,0.0681818181818182,0.454545454545455,0.136363636363636,0.0681818181818182,0.285714285714286,0.285714285714286,0.428571428571429
"1718",66,48192,11,76,0,0,3,8,22,1526,0.100262123197903,0.133682830930537,0.0380078636959371,0.0190039318479685,0.028178243774574,0.68086500655308,0.0909090909090909,0.363636363636364,0.545454545454545
"1720",67,66033,11,76,0,1,2,7,18,677,0.06794682422452,0.264401772525849,0.0871491875923191,0.0960118168389956,0.051698670605613,0.432791728212703,0.444444444444444,0.166666666666667,0.388888888888889
"1721",47,28769,12,76,1,0,3,9,9,191,0.0523560209424084,0.675392670157068,0.0157068062827225,0.0157068062827225,0.0261780104712042,0.214659685863874,0.444444444444444,0.111111111111111,0.444444444444444
"1723",38,32880,12,76,1,0,1,8,4,42,0.166666666666667,0.357142857142857,0.142857142857143,0.0476190476190476,0.0952380952380952,0.19047619047619,0.25,0,0.75
"1724",42,23616,12,76,1,0,2,8,6,79,0.0379746835443038,0.139240506329114,0.0886075949367089,0.40506329113924,0.278481012658228,0.0506329113924051,0.5,0,0.5
"1725",43,19419,12,76,1,0,4,9,7,70,0.228571428571429,0.4,0.0428571428571429,0.1,0.2,0.0285714285714286,0.571428571428571,0,0.428571428571429
"1726",51,34961,10,77,1,0,3,7,7,79,0.0506329113924051,0.329113924050633,0.0126582278481013,0.0126582278481013,0.0253164556962025,0.569620253164557,0.428571428571429,0.142857142857143,0.428571428571429
"1727",48,64892,10,77,0,1,2,4,22,902,0.0354767184035477,0.254988913525499,0.0266075388026608,0.0720620842572062,0.0266075388026608,0.584257206208426,0.272727272727273,0.181818181818182,0.545454545454545
"1728",36,16248,10,77,1,0,3,6,6,57,0.0526315789473684,0.175438596491228,0.210526315789474,0.157894736842105,0.192982456140351,0.210526315789474,0.333333333333333,0.166666666666667,0.5
"1730",57,52074,10,77,0,1,1,4,6,119,0,0.100840336134454,0,0.403361344537815,0,0.495798319327731,0.333333333333333,0.333333333333333,0.333333333333333
"1731",64,22123,10,77,0,0,1,5,6,102,0.333333333333333,0.235294117647059,0.0686274509803922,0.303921568627451,0.0294117647058824,0.0294117647058824,0.333333333333333,0.166666666666667,0.5
"1732",46,35544,10,77,1,0,1,7,5,67,0.0597014925373134,0.343283582089552,0.0149253731343284,0.0597014925373134,0.0746268656716418,0.447761194029851,0.4,0,0.6
"1733",35,59060,10,77,1,0,3,4,11,274,0.131386861313869,0.405109489051095,0.145985401459854,0.0437956204379562,0.145985401459854,0.127737226277372,0.272727272727273,0.0909090909090909,0.636363636363636
"1734",48,65665,11,77,0,1,1,3,23,945,0.112169312169312,0.40952380952381,0.0380952380952381,0.0306878306878307,0.171428571428571,0.238095238095238,0.217391304347826,0.434782608695652,0.347826086956522
"1735",53,29819,11,77,1,0,3,6,6,39,0.0512820512820513,0.615384615384615,0.0256410256410256,0.0512820512820513,0.0256410256410256,0.230769230769231,0.5,0,0.5
"1736",35,81217,11,77,0,0,1,1,21,1157,0.12618841832325,0.280034572169404,0.0345721694036301,0.0726015557476232,0.0605012964563526,0.426101987899741,0.142857142857143,0.333333333333333,0.523809523809524
"1737",35,81217,11,77,0,0,1,1,21,1157,0.12618841832325,0.280034572169404,0.0345721694036301,0.0726015557476232,0.0605012964563526,0.426101987899741,0.142857142857143,0.333333333333333,0.523809523809524
"1738",34,26095,11,77,1,0,1,7,4,42,0.0714285714285714,0.214285714285714,0.0238095238095238,0.261904761904762,0.166666666666667,0.261904761904762,0.25,0,0.75
"1739",54,65706,11,77,0,0,1,7,26,1199,0.0108423686405338,0.107589658048374,0,0.107589658048374,0.00834028356964137,0.765638031693078,0.423076923076923,0.115384615384615,0.461538461538462
"1740",48,31859,11,77,1,0,1,7,3,20,0.4,0.15,0,0.25,0.05,0.15,0.333333333333333,0,0.666666666666667
"1741",83,93027,11,77,0,0,0,2,22,2119,0.025955639452572,0.337895233600755,0,0.0099103350637093,0.0198206701274186,0.606418121755545,0.318181818181818,0.454545454545455,0.227272727272727
"1742",54,58710,11,77,0,1,6,6,25,1185,0,0.310548523206751,0.10295358649789,0.146835443037975,0.0683544303797468,0.371308016877637,0.44,0.2,0.36
"1744",60,58308,11,77,0,1,4,8,11,900,0.0111111111111111,0.0766666666666667,0,0.144444444444444,0,0.767777777777778,0.181818181818182,0.545454545454545,0.272727272727273
"1745",60,40800,11,77,1,2,2,7,6,99,0.0808080808080808,0.272727272727273,0.303030303030303,0.101010101010101,0,0.242424242424242,0.5,0,0.5
"1746",65,18690,12,77,0,0,1,8,4,60,0.383333333333333,0.116666666666667,0.0666666666666667,0.316666666666667,0.0166666666666667,0.1,0.25,0.25,0.5
"1747",65,18690,12,77,0,0,1,8,4,60,0.383333333333333,0.116666666666667,0.0666666666666667,0.316666666666667,0.0166666666666667,0.1,0.25,0.25,0.5
"1748",65,18690,12,77,0,0,1,8,4,60,0.383333333333333,0.116666666666667,0.0666666666666667,0.316666666666667,0.0166666666666667,0.1,0.25,0.25,0.5
"1754",63,27116,10,78,1,1,2,7,5,41,0.048780487804878,0.51219512195122,0.048780487804878,0.0731707317073171,0.024390243902439,0.292682926829268,0.4,0,0.6
"1755",35,46107,10,78,1,0,1,3,6,125,0.128,0.216,0.072,0.264,0.072,0.248,0.166666666666667,0.166666666666667,0.666666666666667
"1756",51,54466,10,78,1,1,1,5,3,16,0,0.25,0,0,0,0.75,0.333333333333333,0,0.666666666666667
"1757",59,59686,10,78,0,1,1,4,11,274,0.124087591240876,0.324817518248175,0.153284671532847,0.0182481751824818,0.0547445255474453,0.324817518248175,0.363636363636364,0.0909090909090909,0.545454545454545
"1758",74,82460,11,78,0,0,1,1,14,974,0.053388090349076,0.58829568788501,0.0328542094455852,0.0154004106776181,0.0482546201232033,0.261806981519507,0.357142857142857,0.214285714285714,0.428571428571429
"1759",64,76045,11,78,0,0,1,2,20,1323,0.0128495842781557,0.302343159486017,0.0702947845804989,0,0.0400604686318972,0.574452003023432,0.2,0.25,0.55
"1760",49,83829,11,78,0,0,0,1,17,1862,0.0998925886143931,0.23093447905478,0.0864661654135338,0.014500537056928,0.0864661654135338,0.481740064446831,0.235294117647059,0.411764705882353,0.352941176470588
"1761",49,83829,11,78,0,0,0,1,17,1862,0.0998925886143931,0.23093447905478,0.0864661654135338,0.014500537056928,0.0864661654135338,0.481740064446831,0.235294117647059,0.411764705882353,0.352941176470588
"1763",45,33462,11,78,1,0,1,7,5,54,0,0.333333333333333,0,0.203703703703704,0.0555555555555556,0.407407407407407,0.4,0,0.6
"1764",49,36627,11,78,2,0,1,5,3,16,0,0.3125,0,0.0625,0.0625,0.5625,0,0,1
"1765",42,28718,11,78,1,0,2,8,5,57,0.192982456140351,0.105263157894737,0.140350877192982,0.280701754385965,0.0701754385964912,0.210526315789474,0.4,0,0.6
"1766",52,77981,11,78,1,0,3,5,18,664,0.0240963855421687,0.307228915662651,0.189759036144578,0.0903614457831325,0.180722891566265,0.207831325301205,0.388888888888889,0.222222222222222,0.388888888888889
"1767",68,60230,11,78,0,1,2,5,15,1067,0.0365510777881912,0.343955014058107,0.0759137769447048,0.0374882849109653,0.0187441424554827,0.487347703842549,0.4,0.2,0.4
"1769",71,40464,11,78,0,1,6,8,18,630,0.0111111111111111,0.187301587301587,0.0365079365079365,0.0650793650793651,0.026984126984127,0.673015873015873,0.444444444444444,0.111111111111111,0.444444444444444
"1770",68,64857,12,78,0,0,1,4,22,1540,0.136363636363636,0.465584415584416,0,0.0279220779220779,0.00909090909090909,0.361038961038961,0.318181818181818,0.227272727272727,0.454545454545455
"1771",68,64857,12,78,0,0,1,4,22,1540,0.136363636363636,0.465584415584416,0,0.0279220779220779,0.00909090909090909,0.361038961038961,0.318181818181818,0.227272727272727,0.454545454545455
"1776",58,86358,12,78,1,1,4,8,14,1722,0.0476190476190476,0.286875725900116,0.0272938443670151,0.0551684088269454,0.0272938443670151,0.555749128919861,0.357142857142857,0.214285714285714,0.428571428571429
"1777",47,41443,10,79,1,0,6,8,14,482,0.0518672199170125,0.354771784232365,0.0394190871369295,0.184647302904564,0.0145228215767635,0.354771784232365,0.571428571428571,0.0714285714285714,0.357142857142857
"1778",63,57072,10,79,0,1,2,5,25,1034,0,0.058027079303675,0,0.0290135396518375,0,0.912959381044487,0.28,0.2,0.52
"1780",74,48767,10,79,1,2,3,5,6,63,0.0476190476190476,0.333333333333333,0,0.158730158730159,0.0158730158730159,0.444444444444444,0.333333333333333,0.166666666666667,0.5
"1781",69,51124,11,79,1,1,2,3,4,43,0,0.255813953488372,0.0232558139534884,0.0930232558139535,0.0232558139534884,0.604651162790698,0.25,0,0.75
"1782",54,43020,11,79,1,0,3,6,9,223,0.0179372197309417,0.443946188340807,0.112107623318386,0.192825112107623,0.031390134529148,0.201793721973094,0.444444444444444,0.111111111111111,0.444444444444444
"1783",61,49980,11,79,0,1,2,5,9,195,0.0666666666666667,0.276923076923077,0.0461538461538462,0.0717948717948718,0.00512820512820513,0.533333333333333,0.333333333333333,0.111111111111111,0.555555555555556
"1784",69,72906,11,79,0,0,1,1,16,1151,0.0616854908774978,0.450912250217202,0.0651607298001738,0.0469157254561251,0.0278019113814075,0.347523892267593,0.1875,0.25,0.5625
"1787",45,31086,11,79,1,1,2,8,4,48,0.0625,0.229166666666667,0,0.333333333333333,0.0416666666666667,0.333333333333333,0.25,0.25,0.5
"1788",41,24072,11,79,1,0,1,8,3,23,0.130434782608696,0.260869565217391,0,0.173913043478261,0.0434782608695652,0.391304347826087,0.333333333333333,0,0.666666666666667
"1789",70,76773,11,79,0,0,1,1,15,1156,0.0743944636678201,0.38840830449827,0.0285467128027682,0.013840830449827,0.0484429065743945,0.44636678200692,0.133333333333333,0.133333333333333,0.733333333333333
"1790",59,72190,11,79,0,0,1,3,15,1947,0.0883410374935799,0.306625577812018,0.0852593733949666,0.12788906009245,0.0852593733949666,0.306625577812018,0.333333333333333,0.4,0.266666666666667
"1791",76,83837,12,79,0,0,1,4,24,1318,0.0652503793626707,0.090288315629742,0.0675265553869499,0.0842185128983308,0.0500758725341426,0.642640364188164,0.375,0.416666666666667,0.208333333333333
"1792",46,17345,12,79,1,0,2,8,5,58,0.293103448275862,0.275862068965517,0,0.206896551724138,0.155172413793103,0.0689655172413793,0.4,0.2,0.4
"1793",66,75154,12,79,0,1,1,3,15,1143,0.139982502187227,0.179352580927384,0.125109361329834,0.0717410323709536,0.00874890638670166,0.4750656167979,0.4,0.2,0.4
"1794",63,28249,10,80,0,0,1,6,5,43,0.0465116279069767,0.162790697674419,0.325581395348837,0.232558139534884,0.209302325581395,0.0232558139534884,0.4,0,0.6
"1795",63,28249,10,80,0,0,1,6,5,43,0.0465116279069767,0.162790697674419,0.325581395348837,0.232558139534884,0.209302325581395,0.0232558139534884,0.4,0,0.6
"1796",44,69661,10,80,0,0,1,3,22,834,0.0383693045563549,0.127098321342926,0.0191846522781775,0.00959232613908873,0.0191846522781775,0.786570743405276,0.318181818181818,0.136363636363636,0.545454545454545
"1799",47,36273,10,80,1,0,2,6,6,76,0.0394736842105263,0.394736842105263,0.0263157894736842,0.118421052631579,0.0394736842105263,0.381578947368421,0.5,0,0.5
"1800",56,70777,10,80,0,1,3,3,20,787,0,0.143583227445997,0.00889453621346887,0.0991105463786531,0.0444726810673443,0.703939008894536,0.25,0.15,0.6
"1801",48,17148,10,80,1,0,4,8,7,68,0.191176470588235,0.161764705882353,0.147058823529412,0.235294117647059,0.132352941176471,0.132352941176471,0.428571428571429,0.142857142857143,0.428571428571429
"1803",45,45057,11,80,1,0,1,5,5,50,0.06,0.14,0,0.06,0,0.74,0.4,0,0.6
"1804",56,41120,11,80,1,1,3,6,6,81,0,0.283950617283951,0.0987654320987654,0.296296296296296,0.0246913580246914,0.296296296296296,0.333333333333333,0.166666666666667,0.5
"1806",38,19485,11,80,2,0,1,7,3,10,0,0.4,0,0,0,0.6,0.333333333333333,0,0.666666666666667
"1808",39,41473,11,80,1,0,1,7,5,76,0.197368421052632,0.263157894736842,0.0394736842105263,0.118421052631579,0.105263157894737,0.276315789473684,0.4,0,0.6
"1809",68,31395,11,80,1,1,4,6,6,64,0,0.390625,0.125,0.109375,0.015625,0.359375,0.333333333333333,0.166666666666667,0.5
"1810",77,68117,11,80,0,1,2,6,23,930,0,0.231182795698925,0.0182795698924731,0.0387096774193548,0.0473118279569892,0.664516129032258,0.478260869565217,0.347826086956522,0.173913043478261
"1811",49,47682,11,80,0,1,4,5,15,521,0.186180422264875,0.159309021113244,0.109404990403071,0.117082533589251,0.117082533589251,0.310940499040307,0.266666666666667,0.2,0.533333333333333
"1812",52,83151,11,80,0,0,1,2,22,2346,0.0583972719522592,0.358908780903666,0.0179028132992327,0.0895140664961637,0.0626598465473146,0.412617220801364,0.227272727272727,0.318181818181818,0.454545454545455
"1813",55,58086,11,80,0,1,2,8,21,792,0,0.0782828282828283,0,0.0189393939393939,0.00883838383838384,0.893939393939394,0.523809523809524,0.142857142857143,0.333333333333333
"1815",62,66565,12,80,0,1,4,8,15,1065,0.0610328638497653,0.151173708920188,0.0375586854460094,0.0394366197183099,0.00938967136150235,0.701408450704225,0.266666666666667,0.133333333333333,0.6
"1816",55,23910,12,80,1,0,1,7,5,67,0.104477611940299,0.26865671641791,0.0149253731343284,0.194029850746269,0.17910447761194,0.238805970149254,0.4,0,0.6
"1817",56,35893,12,80,1,1,6,8,9,199,0,0.115577889447236,0,0.0904522613065327,0,0.793969849246231,0.333333333333333,0.111111111111111,0.555555555555556
"1818",51,71128,12,80,1,0,3,7,24,1615,0.0123839009287926,0.276780185758514,0,0.0191950464396285,0.0984520123839009,0.593188854489164,0.0833333333333333,0.416666666666667,0.5
"1820",53,37150,12,80,1,0,8,7,13,467,0.104925053533191,0.137044967880086,0.0728051391862955,0.248394004282655,0.0792291220556745,0.357601713062098,0.307692307692308,0.230769230769231,0.461538461538462
"1821",48,61064,12,80,0,1,5,6,23,1080,0,0.316666666666667,0.0416666666666667,0.166666666666667,0.116666666666667,0.358333333333333,0.347826086956522,0.173913043478261,0.478260869565217
"1822",48,51650,10,81,0,1,1,5,9,191,0.0104712041884817,0.115183246073298,0.0261780104712042,0.0366492146596859,0.0157068062827225,0.795811518324607,0.444444444444444,0.111111111111111,0.444444444444444
"1824",51,46854,10,81,1,1,6,8,9,263,0.026615969581749,0.300380228136882,0.00380228136882129,0.300380228136882,0.00380228136882129,0.365019011406844,0.555555555555556,0.111111111111111,0.333333333333333
"1825",28,14421,10,81,0,0,1,5,3,16,0.1875,0.125,0.1875,0.5,0,0,0.333333333333333,0,0.666666666666667
"1828",46,64813,10,81,1,0,1,5,19,745,0.240268456375839,0.166442953020134,0.130201342281879,0.0697986577181208,0,0.393288590604027,0.368421052631579,0.105263157894737,0.526315789473684
"1829",54,61872,11,81,0,1,4,4,17,573,0.06282722513089,0.277486910994764,0.0471204188481675,0.0279232111692845,0.0087260034904014,0.575916230366492,0.235294117647059,0.235294117647059,0.529411764705882
"1830",45,58025,11,81,0,1,3,4,15,470,0.0234042553191489,0.187234042553191,0.102127659574468,0.0468085106382979,0.0659574468085106,0.574468085106383,0.2,0.133333333333333,0.666666666666667
"1831",76,83790,11,81,0,0,1,3,24,1615,0.0260061919504644,0.258204334365325,0.0297213622291022,0.00990712074303406,0.00990712074303406,0.66625386996904,0.333333333333333,0.416666666666667,0.25
"1833",66,33438,11,81,1,1,4,5,7,90,0.0333333333333333,0.177777777777778,0.0222222222222222,0.0666666666666667,0.0111111111111111,0.688888888888889,0.285714285714286,0.142857142857143,0.571428571428571
"1834",38,21955,11,81,1,0,2,6,6,55,0.309090909090909,0.127272727272727,0.254545454545455,0.2,0.0181818181818182,0.0909090909090909,0.333333333333333,0.166666666666667,0.5
"1835",53,60491,11,81,0,1,4,5,24,1028,0.0116731517509728,0.230544747081712,0.0184824902723735,0.0739299610894942,0.0457198443579767,0.619649805447471,0.25,0.458333333333333,0.291666666666667
"1836",60,59304,11,81,0,1,3,5,25,1048,0.0763358778625954,0.408396946564886,0.0486641221374046,0.00954198473282443,0.058206106870229,0.398854961832061,0.28,0.32,0.4
"1837",50,34421,11,81,1,0,1,7,3,30,0.2,0.233333333333333,0.0666666666666667,0.3,0.1,0.1,0.333333333333333,0,0.666666666666667
"1838",50,34421,11,81,1,0,1,7,3,30,0.2,0.233333333333333,0.0666666666666667,0.3,0.1,0.1,0.333333333333333,0,0.666666666666667
"1839",71,51411,11,81,1,2,1,5,3,18,0,0.166666666666667,0,0.0555555555555556,0,0.777777777777778,0,0,1
"1840",66,71964,11,81,0,0,1,3,16,1870,0.0962566844919786,0.498395721925134,0.0181818181818182,0.0459893048128342,0.0272727272727273,0.313903743315508,0.3125,0.375,0.3125
"1842",63,49678,11,81,0,1,2,7,12,315,0.00952380952380952,0.177777777777778,0.00634920634920635,0.0634920634920635,0.0158730158730159,0.726984126984127,0.5,0.166666666666667,0.333333333333333
"1843",48,60482,11,81,0,1,1,7,16,507,0.0729783037475345,0.264299802761341,0.0276134122287968,0.0473372781065089,0.0848126232741617,0.502958579881657,0.4375,0.125,0.4375
"1844",52,55260,12,81,0,1,2,6,23,1139,0.009657594381036,0.0465320456540825,0,0.212467076382792,0.00702370500438982,0.7243195785777,0.347826086956522,0.434782608695652,0.217391304347826
"1845",55,67369,12,81,0,1,4,4,21,1461,0.0253251197809719,0.0479123887748118,0.00958247775496235,0.0287474332648871,0,0.888432580424367,0.333333333333333,0.19047619047619,0.476190476190476
"1847",57,68743,12,81,0,0,1,7,29,2074,0.0843780135004822,0.185149469623915,0.0646094503375121,0.0554484088717454,0.0646094503375121,0.545805207328833,0.379310344827586,0.172413793103448,0.448275862068966
"1850",48,37697,10,82,1,0,1,6,6,84,0.130952380952381,0.25,0.0476190476190476,0.0952380952380952,0.0714285714285714,0.404761904761905,0.333333333333333,0.166666666666667,0.5
"1851",48,37697,10,82,1,0,1,6,6,84,0.130952380952381,0.25,0.0476190476190476,0.0952380952380952,0.0714285714285714,0.404761904761905,0.333333333333333,0.166666666666667,0.5
"1852",73,44689,10,82,1,1,2,7,4,34,0,0.147058823529412,0,0.323529411764706,0,0.529411764705882,0.25,0.25,0.5
"1853",54,23162,11,82,1,1,3,6,5,65,0.292307692307692,0.138461538461538,0.0615384615384615,0.338461538461538,0.0461538461538462,0.123076923076923,0.2,0.2,0.6
"1854",65,63033,11,82,0,0,1,2,15,1102,0.204174228675136,0.43557168784029,0.101633393829401,0.0272232304900181,0.0553539019963702,0.176043557168784,0.2,0.266666666666667,0.533333333333333
"1855",57,40304,11,82,1,0,1,7,5,57,0,0.298245614035088,0,0.0526315789473684,0,0.649122807017544,0.4,0,0.6
"1856",40,40059,11,82,1,0,1,8,11,414,0.0676328502415459,0.222222222222222,0.0241545893719807,0.35024154589372,0.070048309178744,0.265700483091787,0.545454545454545,0.181818181818182,0.272727272727273
"1857",70,80067,11,82,0,0,1,2,16,1600,0.016875,0.508125,0.108125,0.031875,0.010625,0.324375,0.25,0.375,0.375
"1858",43,36038,11,82,1,0,2,6,6,47,0,0.319148936170213,0.0425531914893617,0.148936170212766,0,0.48936170212766,0.5,0,0.5
"1861",68,66334,11,82,0,1,2,5,17,1161,0,0.187769164513351,0,0.0198105081826012,0.00947459086993971,0.782945736434108,0.529411764705882,0.176470588235294,0.294117647058824
"1862",40,11012,11,82,1,0,3,9,6,84,0.0833333333333333,0.30952380952381,0.0119047619047619,0.273809523809524,0.0357142857142857,0.285714285714286,0.5,0.166666666666667,0.333333333333333
"1863",48,31615,11,82,1,0,2,7,5,51,0.117647058823529,0.392156862745098,0.215686274509804,0.176470588235294,0.0588235294117647,0.0392156862745098,0.4,0,0.6
"1865",75,69098,11,82,0,0,1,5,24,2440,0.0594262295081967,0.319672131147541,0,0.0729508196721311,0.00901639344262295,0.538934426229508,0.291666666666667,0.333333333333333,0.375
"1866",73,70792,11,82,0,0,2,3,17,1272,0.0817610062893082,0.514150943396226,0.00864779874213836,0.089622641509434,0.035377358490566,0.270440251572327,0.176470588235294,0.235294117647059,0.588235294117647
"1867",45,17688,11,82,1,0,1,8,3,11,0.272727272727273,0.0909090909090909,0.0909090909090909,0.181818181818182,0.181818181818182,0.181818181818182,0.333333333333333,0,0.666666666666667
"1868",35,25443,12,82,1,0,1,8,4,32,0.25,0.09375,0.28125,0.21875,0.125,0.03125,0.25,0,0.75
"1869",52,57091,12,82,0,1,2,7,16,496,0.0120967741935484,0.0483870967741935,0,0.00806451612903226,0,0.931451612903226,0.5625,0.125,0.3125
"1870",43,24336,12,82,1,0,1,7,3,31,0.258064516129032,0.0645161290322581,0.0645161290322581,0.387096774193548,0.193548387096774,0.032258064516129,0.333333333333333,0,0.666666666666667
"1871",43,51111,10,83,1,1,2,6,5,55,0.109090909090909,0.345454545454545,0.0909090909090909,0.0545454545454545,0,0.4,0.4,0,0.6
"1872",52,44503,10,83,1,1,2,6,5,48,0,0.166666666666667,0,0.166666666666667,0.0208333333333333,0.645833333333333,0.4,0,0.6
"1873",53,56850,10,83,0,1,1,2,5,63,0.0317460317460317,0.301587301587302,0.111111111111111,0,0.0158730158730159,0.53968253968254,0.2,0.2,0.6
"1874",55,66582,10,83,0,0,1,1,19,1288,0.0124223602484472,0.326086956521739,0.0295031055900621,0,0.0194099378881988,0.612577639751553,0.105263157894737,0.421052631578947,0.473684210526316
"1875",39,23148,10,83,0,0,1,7,5,37,0.162162162162162,0.216216216216216,0.0810810810810811,0.27027027027027,0.162162162162162,0.108108108108108,0.4,0,0.6
"1876",60,82224,10,83,0,0,1,3,20,902,0.152993348115299,0.399113082039911,0.0343680709534368,0.0443458980044346,0.0288248337028825,0.340354767184035,0.3,0.45,0.25
"1877",50,61917,11,83,1,1,1,5,6,91,0.021978021978022,0.395604395604396,0.021978021978022,0.010989010989011,0.043956043956044,0.505494505494505,0.333333333333333,0,0.666666666666667
"1879",45,68274,11,83,1,1,2,3,11,305,0.0754098360655738,0.167213114754098,0.0819672131147541,0.150819672131148,0.0819672131147541,0.442622950819672,0.363636363636364,0.181818181818182,0.454545454545455
"1880",50,42373,11,83,1,1,5,5,8,163,0.0184049079754601,0.374233128834356,0.049079754601227,0.116564417177914,0.0306748466257669,0.411042944785276,0.25,0.125,0.625
"1882",45,57537,11,83,1,0,4,4,15,545,0.0935779816513762,0.255045871559633,0.0146788990825688,0.18348623853211,0.102752293577982,0.35045871559633,0.266666666666667,0.2,0.533333333333333
"1883",66,80995,11,83,0,1,1,4,21,1482,0.0492577597840756,0.275978407557355,0.0377867746288799,0.0377867746288799,0.0188933873144399,0.58029689608637,0.380952380952381,0.428571428571429,0.19047619047619
"1884",48,30992,11,83,1,0,1,7,4,43,0.162790697674419,0.325581395348837,0.0697674418604651,0.0465116279069767,0,0.395348837209302,0.25,0,0.75
"1885",48,30992,11,83,1,0,1,7,4,43,0.162790697674419,0.325581395348837,0.0697674418604651,0.0465116279069767,0,0.395348837209302,0.25,0,0.75
"1887",69,74268,11,83,0,0,1,2,12,892,0.108744394618834,0.353139013452915,0.195067264573991,0.0459641255605381,0.0739910313901345,0.223094170403587,0.333333333333333,0.25,0.416666666666667
"1893",54,23626,10,84,1,0,3,5,7,43,0,0.325581395348837,0,0,0.0465116279069767,0.627906976744186,0.428571428571429,0.142857142857143,0.428571428571429
"1895",59,81168,10,84,0,0,1,3,17,1193,0.123218776194468,0.496227996647108,0.0184409052808047,0.0184409052808047,0,0.343671416596815,0.352941176470588,0.235294117647059,0.411764705882353
"1896",45,27244,10,84,1,0,2,7,6,101,0.0297029702970297,0.168316831683168,0.237623762376238,0.455445544554455,0.0495049504950495,0.0594059405940594,0.333333333333333,0.333333333333333,0.333333333333333
"1899",55,43142,10,84,1,1,1,7,3,20,0.1,0.35,0.05,0.2,0.05,0.25,0.333333333333333,0,0.666666666666667
"1901",39,92533,11,84,0,0,1,2,22,1131,0.0972590627763042,0.104332449160035,0.129973474801061,0.0371352785145889,0.0185676392572944,0.612732095490716,0.272727272727273,0.227272727272727,0.5
"1902",79,63285,11,84,0,0,1,3,24,1103,0.0453309156844968,0.225747960108794,0.0344514959202176,0.121486854034452,0.112420670897552,0.460562103354488,0.25,0.208333333333333,0.541666666666667
"1905",49,40233,11,84,0,1,5,6,8,149,0,0.308724832214765,0.114093959731544,0.0134228187919463,0.0268456375838926,0.536912751677852,0.25,0.125,0.625
"1906",55,46831,11,84,1,1,2,4,5,78,0.0769230769230769,0.128205128205128,0.0512820512820513,0.435897435897436,0.0256410256410256,0.282051282051282,0.2,0.4,0.4
"1908",48,70379,11,84,0,1,3,4,22,860,0.0755813953488372,0.165116279069767,0.077906976744186,0.00930232558139535,0.0290697674418605,0.643023255813953,0.272727272727273,0.136363636363636,0.590909090909091
"1909",67,77297,11,84,0,0,1,4,21,789,0.0608365019011407,0.138149556400507,0.154626108998733,0.0519645120405577,0.0773130544993663,0.517110266159696,0.238095238095238,0.333333333333333,0.428571428571429
"1910",62,55759,12,84,0,1,5,8,21,854,0.0117096018735363,0.0995316159250585,0.00819672131147541,0.0901639344262295,0,0.7903981264637,0.476190476190476,0.142857142857143,0.380952380952381
"1911",73,58217,12,84,2,1,1,6,6,103,0.029126213592233,0.12621359223301,0.0485436893203883,0.12621359223301,0.00970873786407767,0.660194174757282,0.333333333333333,0,0.666666666666667
"1914",68,91249,12,84,0,0,0,4,22,1676,0.04236276849642,0.0710023866348449,0.0644391408114559,0.016109785202864,0.016109785202864,0.789976133651551,0.318181818181818,0.409090909090909,0.272727272727273
"1916",54,44159,10,85,1,0,4,5,11,275,0.0872727272727273,0.225454545454545,0.0472727272727273,0.0254545454545455,0.00727272727272727,0.607272727272727,0.363636363636364,0.0909090909090909,0.545454545454545
"1919",50,39996,10,85,1,1,1,6,3,15,0,0.2,0,0.0666666666666667,0,0.733333333333333,0.333333333333333,0,0.666666666666667
"1921",77,77457,10,85,0,0,1,1,17,1157,0.0129645635263613,0.345721694036301,0.0388936905790838,0.00950734658599827,0.00950734658599827,0.583405358686258,0.117647058823529,0.294117647058824,0.588235294117647
"1922",61,80695,11,85,0,0,1,2,18,1918,0.100625651720542,0.51303441084463,0.0192909280500521,0.00938477580813347,0.0672575599582899,0.290406673618352,0.277777777777778,0.444444444444444,0.277777777777778
"1923",68,71866,11,85,0,1,1,3,19,715,0.144055944055944,0.248951048951049,0.0545454545454545,0.0461538461538462,0.248951048951049,0.257342657342657,0.31578947368421,0.157894736842105,0.526315789473684
"1925",80,55614,11,85,0,0,1,7,19,682,0.0117302052785924,0.19208211143695,0,0.0381231671554252,0.0190615835777126,0.73900293255132,0.473684210526316,0.210526315789474,0.31578947368421
"1931",69,76998,11,85,0,1,2,6,27,1910,0.0361256544502618,0.0842931937172775,0.0183246073298429,0.056020942408377,0.0465968586387435,0.758638743455497,0.407407407407407,0.296296296296296,0.296296296296296
"1934",42,24711,10,86,0,0,1,7,6,58,0.103448275862069,0.431034482758621,0.0517241379310345,0.120689655172414,0.120689655172414,0.172413793103448,0.5,0,0.5
"1935",65,38829,10,86,0,1,1,5,7,99,0,0.0707070707070707,0,0.161616161616162,0,0.767676767676768,0.428571428571429,0.285714285714286,0.285714285714286
"1936",50,71466,10,86,0,0,1,1,18,1230,0.0634146341463415,0.44390243902439,0.147967479674797,0,0.00975609756097561,0.334959349593496,0.222222222222222,0.222222222222222,0.555555555555556
"1938",73,53790,10,86,0,2,3,6,17,542,0.051660516605166,0.234317343173432,0.00922509225092251,0.00922509225092251,0.0774907749077491,0.618081180811808,0.411764705882353,0.117647058823529,0.470588235294118
"1939",73,73705,10,86,0,2,2,5,23,1695,0.152212389380531,0.306784660766962,0.0631268436578171,0.0631268436578171,0.0536873156342183,0.361061946902655,0.391304347826087,0.260869565217391,0.347826086956522
"1940",42,22448,10,86,1,0,3,3,6,55,0.418181818181818,0.145454545454545,0.0363636363636364,0.327272727272727,0.0181818181818182,0.0545454545454545,0.333333333333333,0.166666666666667,0.5
"1941",48,12571,10,86,1,0,4,6,7,53,0.0377358490566038,0.264150943396226,0.226415094339623,0.320754716981132,0.0943396226415094,0.0566037735849057,0.428571428571429,0.142857142857143,0.428571428571429
"1943",34,35765,11,86,1,0,2,6,6,75,0,0.4,0.0666666666666667,0.2,0.04,0.293333333333333,0.333333333333333,0,0.666666666666667
"1944",58,46734,11,86,1,2,4,6,8,223,0.0269058295964126,0.174887892376682,0.00448430493273543,0.340807174887892,0.00448430493273543,0.448430493273543,0.375,0.25,0.375
"1947",59,44393,11,86,1,1,2,4,5,60,0.0333333333333333,0.333333333333333,0.0333333333333333,0.166666666666667,0.0333333333333333,0.4,0.2,0,0.8
"1949",78,51012,11,86,0,0,1,6,9,209,0.00956937799043062,0.301435406698565,0.0430622009569378,0.114832535885167,0.0430622009569378,0.488038277511962,0.444444444444444,0.111111111111111,0.444444444444444
"1950",78,51012,11,86,0,0,1,6,9,209,0.00956937799043062,0.301435406698565,0.0430622009569378,0.114832535885167,0.0430622009569378,0.488038277511962,0.444444444444444,0.111111111111111,0.444444444444444
"1953",42,42081,11,86,1,0,2,6,13,382,0.141361256544503,0.287958115183246,0.0157068062827225,0.0706806282722513,0.0261780104712042,0.458115183246073,0.461538461538462,0.230769230769231,0.307692307692308
"1954",38,14906,12,86,0,0,3,7,6,66,0.106060606060606,0.212121212121212,0.242424242424242,0.227272727272727,0.106060606060606,0.106060606060606,0.333333333333333,0.166666666666667,0.5
"1955",39,33812,12,86,1,0,2,6,6,133,0.225563909774436,0.142857142857143,0.180451127819549,0.293233082706767,0.12781954887218,0.0300751879699248,0.333333333333333,0.166666666666667,0.5
"1956",49,46098,12,86,1,1,4,8,7,120,0,0.225,0,0.3,0,0.475,0.428571428571429,0.285714285714286,0.285714285714286
"1957",49,46098,12,86,1,1,4,8,7,120,0,0.225,0,0.3,0,0.475,0.428571428571429,0.285714285714286,0.285714285714286
"1958",49,46098,12,86,1,1,4,8,7,120,0,0.225,0,0.3,0,0.475,0.428571428571429,0.285714285714286,0.285714285714286
"1959",68,53230,12,86,0,1,4,5,19,732,0.185792349726776,0.133879781420765,0.0286885245901639,0.312841530054645,0.0983606557377049,0.240437158469945,0.263157894736842,0.105263157894737,0.631578947368421
"1961",61,39548,10,87,1,1,2,3,5,54,0.0555555555555556,0.185185185185185,0.0740740740740741,0.333333333333333,0.0740740740740741,0.277777777777778,0.2,0.2,0.6
"1963",60,81246,11,87,0,0,1,1,16,1379,0.0442349528643945,0.389412617839014,0.113125453226976,0.0268310369833212,0.137781000725163,0.288614938361131,0.25,0.3125,0.4375
"1964",49,58330,11,87,0,1,1,4,23,1064,0.0977443609022556,0.200187969924812,0.0921052631578947,0.141917293233083,0.049812030075188,0.418233082706767,0.260869565217391,0.173913043478261,0.565217391304348
"1965",49,58330,11,87,0,1,1,4,23,1064,0.0977443609022556,0.200187969924812,0.0921052631578947,0.141917293233083,0.049812030075188,0.418233082706767,0.260869565217391,0.173913043478261,0.565217391304348
"1967",44,70829,11,87,1,1,2,3,14,431,0.167053364269142,0.245939675174014,0.0440835266821346,0.0533642691415313,0.162412993039443,0.327146171693735,0.285714285714286,0.142857142857143,0.571428571428571
"1969",62,59247,11,87,0,2,5,6,16,574,0.0331010452961672,0.212543554006969,0.024390243902439,0.144599303135889,0.0156794425087108,0.569686411149826,0.3125,0.125,0.5625
"1970",57,25930,11,87,1,1,1,7,3,15,0.133333333333333,0.133333333333333,0,0.266666666666667,0.0666666666666667,0.4,0.333333333333333,0,0.666666666666667
"1973",51,23559,11,87,1,0,3,7,6,79,0.0886075949367089,0.240506329113924,0,0.291139240506329,0.0632911392405063,0.316455696202532,0.5,0,0.5
"1974",72,62335,11,87,0,1,2,2,19,708,0.120056497175141,0.306497175141243,0.00847457627118644,0.0367231638418079,0.185028248587571,0.343220338983051,0.157894736842105,0.157894736842105,0.68421052631579
"1975",45,63777,11,87,1,1,8,8,18,653,0.0229709035222052,0.162327718223583,0.0260336906584992,0.0811638591117917,0.00765696784073507,0.699846860643185,0.611111111111111,0.0555555555555556,0.333333333333333
"1976",52,59666,11,87,1,1,7,8,13,1027,0.0223953261927945,0.17332035053554,0.0165530671859786,0.129503407984421,0.0516066212268744,0.606621226874391,0.230769230769231,0.153846153846154,0.615384615384615
"1977",68,50965,11,87,0,1,3,8,19,685,0.0116788321167883,0.124087591240876,0.00875912408759124,0.0423357664233577,0.018978102189781,0.794160583941606,0.526315789473684,0.210526315789474,0.263157894736842
"1979",72,72228,12,87,0,0,1,3,21,1250,0.024,0.3928,0.0112,0.0448,0.0224,0.5048,0.285714285714286,0.333333333333333,0.380952380952381
"1980",71,46231,12,87,2,1,4,9,11,263,0,0.209125475285171,0.0190114068441065,0.0456273764258555,0.00760456273764259,0.718631178707224,0.545454545454545,0.0909090909090909,0.363636363636364
"1982",53,43300,12,87,0,1,3,8,8,180,0.0111111111111111,0.288888888888889,0.00555555555555556,0.172222222222222,0.0166666666666667,0.505555555555556,0.5,0,0.5
"1983",67,78618,12,87,0,0,1,2,21,2153,0.098467254993033,0.37993497445425,0.0757083139804923,0.0283325592196935,0.0757083139804923,0.341848583372039,0.19047619047619,0.333333333333333,0.476190476190476
"1985",39,29760,12,87,1,0,4,8,8,165,0.0424242424242424,0.412121212121212,0.0303030303030303,0.103030303030303,0.0242424242424242,0.387878787878788,0.375,0.125,0.5
"1986",39,29760,12,87,1,0,4,8,8,165,0.0424242424242424,0.412121212121212,0.0303030303030303,0.103030303030303,0.0242424242424242,0.387878787878788,0.375,0.125,0.5
"1989",72,49413,11,88,0,1,2,5,11,304,0.00986842105263158,0.134868421052632,0.00657894736842105,0.151315789473684,0.0230263157894737,0.674342105263158,0.363636363636364,0.181818181818182,0.454545454545455
"1990",66,51876,11,88,0,0,1,1,12,310,0.0903225806451613,0.329032258064516,0.154838709677419,0.0193548387096774,0.0870967741935484,0.319354838709677,0.166666666666667,0.166666666666667,0.666666666666667
"1991",50,45837,11,88,1,1,5,7,13,373,0.0455764075067024,0.233243967828418,0.0455764075067024,0.064343163538874,0.0348525469168901,0.576407506702413,0.461538461538462,0.153846153846154,0.384615384615385
"1992",62,85696,11,88,0,0,1,1,19,1313,0.0883472962680883,0.300837776085301,0,0.00913937547600914,0.0578827113480579,0.543792840822544,0.210526315789474,0.31578947368421,0.473684210526316
"1993",62,85696,11,88,0,0,1,1,19,1313,0.0883472962680883,0.300837776085301,0,0.00913937547600914,0.0578827113480579,0.543792840822544,0.210526315789474,0.31578947368421,0.473684210526316
"1994",62,59432,11,88,0,1,3,5,19,663,0.0377073906485671,0.399698340874811,0.028657616892911,0.0180995475113122,0.0377073906485671,0.478129713423831,0.263157894736842,0.157894736842105,0.578947368421053
"1995",73,43185,11,88,0,1,2,8,18,637,0.0251177394034537,0.0659340659340659,0.00941915227629513,0.0470957613814757,0.00941915227629513,0.843014128728414,0.5,0.166666666666667,0.333333333333333
"1996",49,60631,11,88,1,1,5,7,19,661,0,0.0983358547655068,0.00907715582450832,0.0287443267776097,0.00907715582450832,0.854765506807867,0.473684210526316,0.105263157894737,0.421052631578947
"1997",39,20559,11,88,1,0,2,8,5,53,0.0566037735849057,0.547169811320755,0,0.132075471698113,0.0188679245283019,0.245283018867925,0.4,0,0.6
"1999",46,73807,11,88,0,1,2,2,21,849,0.0836277974087161,0.183745583038869,0.0918727915194346,0.0636042402826855,0.14605418138987,0.431095406360424,0.238095238095238,0.238095238095238,0.523809523809524
"2004",48,30772,10,89,1,1,1,6,3,20,0.1,0.2,0.05,0.2,0.1,0.35,0.333333333333333,0,0.666666666666667
"2005",46,46377,10,89,1,0,1,4,6,90,0.0444444444444444,0.511111111111111,0.0333333333333333,0,0,0.411111111111111,0.333333333333333,0.166666666666667,0.5
"2006",50,78128,10,89,0,1,2,3,18,1264,0.0126582278481013,0.181962025316456,0.0189873417721519,0.0284810126582278,0.0189873417721519,0.738924050632911,0.444444444444444,0.222222222222222,0.333333333333333
"2010",57,37054,11,89,1,1,2,7,4,25,0,0.24,0.04,0.2,0.04,0.48,0.25,0,0.75
"2011",53,32011,11,89,1,0,3,7,7,122,0.0163934426229508,0.122950819672131,0.00819672131147541,0.040983606557377,0,0.811475409836066,0.285714285714286,0.142857142857143,0.571428571428571
"2013",49,70300,11,89,1,0,3,8,23,1596,0.037593984962406,0.211779448621554,0.0288220551378446,0.0288220551378446,0.0382205513784461,0.654761904761905,0.217391304347826,0.217391304347826,0.565217391304348
"2017",53,39791,11,89,0,1,2,7,8,174,0.0747126436781609,0.155172413793103,0.0747126436781609,0.120689655172414,0.0862068965517241,0.488505747126437,0.375,0.125,0.5
"2018",59,62745,11,89,0,1,3,5,26,1117,0.0250671441360788,0.415398388540734,0.00895255147717099,0.0286481647269472,0.0188003581020591,0.50313339301701,0.269230769230769,0.307692307692308,0.423076923076923
"2019",55,18589,11,89,0,0,2,7,6,75,0.2,0.333333333333333,0.16,0.173333333333333,0.0533333333333333,0.08,0.333333333333333,0.166666666666667,0.5
"2021",73,26997,12,89,0,0,2,7,11,434,0.306451612903226,0.179723502304147,0.112903225806452,0.331797235023041,0.0529953917050691,0.0161290322580645,0.363636363636364,0.181818181818182,0.454545454545455
"2022",63,82332,12,89,0,0,1,2,20,2006,0.0254237288135593,0.482552342971087,0.0393818544366899,0.0094715852442672,0.0294117647058824,0.413758723828514,0.25,0.15,0.6
"2023",54,38853,10,90,1,1,2,7,5,45,0,0.311111111111111,0,0.0444444444444444,0,0.644444444444444,0.4,0,0.6
"2024",56,27071,10,90,1,0,2,6,5,35,0,0.542857142857143,0.0571428571428571,0.0857142857142857,0.0857142857142857,0.228571428571429,0.4,0,0.6
"2025",70,90933,10,90,0,0,1,1,14,1685,0.0367952522255193,0.255192878338279,0.0373887240356083,0.0468842729970326,0.0183976261127596,0.605341246290801,0.285714285714286,0.428571428571429,0.285714285714286
"2028",48,33181,10,90,1,0,1,6,3,16,0,0.1875,0,0.25,0,0.5625,0.333333333333333,0,0.666666666666667
"2029",80,45006,11,90,0,0,1,3,11,266,0.0601503759398496,0.199248120300752,0,0.037593984962406,0.093984962406015,0.609022556390977,0.272727272727273,0.0909090909090909,0.636363636363636
"2031",74,48699,11,90,1,1,1,5,4,40,0.05,0.25,0,0.025,0.025,0.65,0.25,0,0.75
"2032",70,59111,11,90,0,0,1,7,20,869,0.0322209436133487,0.154200230149597,0.0322209436133487,0.178365937859609,0,0.602991944764097,0.55,0.05,0.4
"2033",69,48726,11,90,0,1,3,6,9,242,0.0165289256198347,0.15702479338843,0,0.243801652892562,0.012396694214876,0.570247933884298,0.333333333333333,0.222222222222222,0.444444444444444
"2034",69,37244,11,90,1,1,1,7,4,55,0,0.181818181818182,0,0.454545454545455,0.0363636363636364,0.327272727272727,0.25,0.25,0.5
"2036",60,60896,12,90,0,1,3,6,23,1701,0.0352733686067019,0.234567901234568,0.0270429159318048,0.0899470899470899,0.017636684303351,0.595532039976484,0.391304347826087,0.434782608695652,0.173913043478261
"2037",36,67546,12,90,0,0,1,3,19,2126,0.070555032925682,0.361241768579492,0.0178739416745061,0.0809031044214487,0.0630291627469426,0.406396989651928,0.210526315789474,0.526315789473684,0.263157894736842
"2038",36,67546,12,90,0,0,1,3,19,2126,0.070555032925682,0.361241768579492,0.0178739416745061,0.0809031044214487,0.0630291627469426,0.406396989651928,0.210526315789474,0.526315789473684,0.263157894736842
"2039",37,46923,12,90,1,0,3,7,13,369,0.276422764227642,0.146341463414634,0.211382113821138,0.016260162601626,0.119241192411924,0.230352303523035,0.384615384615385,0.0769230769230769,0.538461538461538
"2040",52,38988,12,90,1,2,7,8,12,348,0.0344827586206897,0.295977011494253,0.00862068965517241,0.120689655172414,0.0689655172413793,0.471264367816092,0.416666666666667,0.0833333333333333,0.5
"2041",53,49118,12,90,0,0,2,7,26,1229,0.080553295362083,0.19446704637917,0.0797396257119609,0.096826688364524,0.0439381611065907,0.504475183075671,0.346153846153846,0.269230769230769,0.384615384615385
"2043",50,39190,10,91,1,0,2,5,7,133,0.142857142857143,0.135338345864662,0.0601503759398496,0.0902255639097744,0.0601503759398496,0.511278195488722,0.285714285714286,0.142857142857143,0.571428571428571
"2044",43,56981,10,91,0,0,1,6,18,1241,0.0257856567284448,0.174858984689766,0.0096696212731668,0.0193392425463336,0.0386784850926672,0.731668009669621,0.111111111111111,0.166666666666667,0.722222222222222
"2045",40,23228,10,91,1,0,4,8,7,121,0.0578512396694215,0.40495867768595,0.0330578512396694,0.0413223140495868,0.0247933884297521,0.43801652892562,0.428571428571429,0,0.571428571428571
"2046",40,90000,11,91,0,0,1,1,17,1479,0.0635564570655849,0.0899256254225828,0.129817444219067,0.162947937795808,0.0973630831643002,0.456389452332657,0.235294117647059,0.470588235294118,0.294117647058824
"2047",71,55707,11,91,0,1,2,3,14,428,0.0700934579439252,0.191588785046729,0.154205607476636,0.0817757009345794,0.0163551401869159,0.485981308411215,0.214285714285714,0.142857142857143,0.642857142857143
"2048",35,9255,11,91,1,0,1,8,4,22,0.0909090909090909,0.318181818181818,0,0.181818181818182,0,0.409090909090909,0.25,0.25,0.5
"2049",47,42997,11,91,1,1,1,7,3,15,0,0.333333333333333,0.0666666666666667,0.333333333333333,0,0.266666666666667,0.333333333333333,0,0.666666666666667
"2051",70,57744,11,91,0,1,2,8,14,411,0,0.0948905109489051,0,0.0462287104622871,0.0072992700729927,0.851581508515815,0.642857142857143,0.0714285714285714,0.285714285714286
"2052",58,33585,11,91,0,1,1,4,6,122,0.10655737704918,0.270491803278689,0.0491803278688525,0.237704918032787,0.0901639344262295,0.245901639344262,0.333333333333333,0,0.666666666666667
"2053",59,46891,11,91,0,1,1,4,7,183,0.158469945355191,0.12568306010929,0.0819672131147541,0.333333333333333,0.0655737704918033,0.234972677595628,0.285714285714286,0.142857142857143,0.571428571428571
"2054",59,46891,11,91,0,1,1,4,7,183,0.158469945355191,0.12568306010929,0.0819672131147541,0.333333333333333,0.0655737704918033,0.234972677595628,0.285714285714286,0.142857142857143,0.571428571428571
"2055",68,50387,11,91,0,2,3,5,16,525,0.0228571428571429,0.165714285714286,0.0266666666666667,0.0647619047619048,0.0171428571428571,0.702857142857143,0.375,0.125,0.5
"2058",75,76995,11,91,0,1,2,5,24,1782,0,0.279461279461279,0.00897867564534231,0.0987654320987654,0.0448933782267116,0.567901234567901,0.458333333333333,0.166666666666667,0.375
"2059",46,38415,11,91,1,1,2,7,4,44,0.0909090909090909,0.295454545454545,0,0.0909090909090909,0.0227272727272727,0.5,0.25,0,0.75
"2060",68,22304,12,91,0,0,1,8,3,18,0,0.388888888888889,0.222222222222222,0.111111111111111,0.111111111111111,0.166666666666667,0.333333333333333,0,0.666666666666667
"2061",72,75127,10,92,0,0,1,1,18,833,0.0552220888355342,0.366146458583433,0.0204081632653061,0.272509003601441,0.0420168067226891,0.243697478991597,0.111111111111111,0.611111111111111,0.277777777777778
"2062",72,75127,10,92,0,0,1,1,18,833,0.0552220888355342,0.366146458583433,0.0204081632653061,0.272509003601441,0.0420168067226891,0.243697478991597,0.111111111111111,0.611111111111111,0.277777777777778
"2063",71,39722,10,92,0,1,2,5,5,47,0.0425531914893617,0.106382978723404,0,0.170212765957447,0,0.680851063829787,0.4,0,0.6
"2064",58,7144,11,92,0,2,0,0,25,416,0.0120192307692308,0.0793269230769231,0.00480769230769231,0.699519230769231,0.00961538461538462,0.194711538461538,0.92,0.04,0.04
"2066",52,42618,11,92,1,0,2,8,9,192,0.0677083333333333,0.385416666666667,0.0260416666666667,0.0520833333333333,0.0729166666666667,0.395833333333333,0.555555555555556,0,0.444444444444444
"2068",52,74716,11,92,0,1,2,4,15,860,0.0151162790697674,0.48953488372093,0.226744186046512,0.0825581395348837,0.0313953488372093,0.154651162790698,0.466666666666667,0.2,0.333333333333333
"2069",49,33955,11,92,1,0,4,8,11,270,0.0851851851851852,0.474074074074074,0.0259259259259259,0.037037037037037,0.00740740740740741,0.37037037037037,0.454545454545455,0.0909090909090909,0.454545454545455
"2070",70,45736,11,92,0,1,5,7,14,437,0.045766590389016,0.411899313501144,0.0068649885583524,0.0983981693363844,0.0068649885583524,0.430205949656751,0.5,0.0714285714285714,0.428571428571429
"2071",53,31632,11,92,0,0,1,7,5,95,0.115789473684211,0.126315789473684,0.157894736842105,0.336842105263158,0.0842105263157895,0.178947368421053,0.4,0.2,0.4
"2072",50,60093,11,92,0,1,2,6,19,735,0.0217687074829932,0.148299319727891,0.00816326530612245,0.122448979591837,0.0163265306122449,0.682993197278912,0.368421052631579,0.105263157894737,0.526315789473684
"2073",55,30822,11,92,1,0,1,7,4,51,0.0392156862745098,0.254901960784314,0.235294117647059,0.235294117647059,0.176470588235294,0.0588235294117647,0.25,0,0.75
"2075",66,80739,11,92,0,0,1,1,23,1633,0.0238824249846908,0.450704225352113,0,0.0563380281690141,0.0563380281690141,0.412737293325168,0.130434782608696,0.478260869565217,0.391304347826087
"2076",33,49767,11,92,0,0,1,4,17,692,0.0794797687861272,0.284682080924855,0.0606936416184971,0.215317919075144,0.0679190751445087,0.291907514450867,0.294117647058824,0.235294117647059,0.470588235294118
"2077",43,34445,11,92,0,0,6,9,21,839,0.247914183551847,0.145411203814064,0.153754469606675,0.0357568533969011,0.145411203814064,0.271752085816448,0.523809523809524,0.0952380952380952,0.380952380952381
"2078",73,67046,11,92,0,1,2,2,13,993,0.0231621349446123,0.133937562940584,0.152064451158107,0.107754279959718,0.0352467270896274,0.547834843907351,0.307692307692308,0.384615384615385,0.307692307692308
"2079",59,73538,12,92,0,1,3,7,23,1658,0.0597104945717732,0.258142340168878,0.0826296743063932,0.0645355850422195,0.04583835946924,0.489143546441496,0.434782608695652,0.173913043478261,0.391304347826087
"2080",58,80398,12,92,0,0,1,3,25,1597,0.1296180338134,0.58609893550407,0.0219160926737633,0.0162805259862242,0.0319348778960551,0.214151534126487,0.2,0.32,0.48
"2081",68,52973,12,92,0,1,7,8,24,1152,0.0104166666666667,0.0659722222222222,0.0078125,0.172743055555556,0,0.743055555555556,0.375,0.25,0.375
"2082",70,38998,12,92,1,1,3,8,5,54,0,0.259259259259259,0,0.0925925925925926,0.0185185185185185,0.62962962962963,0.4,0,0.6
"2083",70,38998,12,92,1,1,3,8,5,54,0,0.259259259259259,0,0.0925925925925926,0.0185185185185185,0.62962962962963,0.4,0,0.6
"2086",36,23331,12,92,1,0,2,8,6,103,0,0.0679611650485437,0.0970873786407767,0.436893203883495,0.349514563106796,0.0485436893203883,0.5,0,0.5
"2087",63,60544,12,92,1,1,4,6,11,289,0.0103806228373702,0.14878892733564,0.0173010380622837,0.121107266435986,0.0069204152249135,0.695501730103806,0.454545454545455,0.0909090909090909,0.454545454545455
"2088",63,60544,12,92,1,1,4,6,11,289,0.0103806228373702,0.14878892733564,0.0173010380622837,0.121107266435986,0.0069204152249135,0.695501730103806,0.454545454545455,0.0909090909090909,0.454545454545455
"2092",46,67023,10,93,0,0,1,2,23,906,0.0121412803532009,0.421633554083885,0.00883002207505519,0.0187637969094923,0.0485651214128035,0.490066225165563,0.130434782608696,0.304347826086957,0.565217391304348
"2093",46,77583,10,93,0,0,1,2,18,1149,0.217580504786771,0.33420365535248,0.010443864229765,0.0939947780678851,0.0200174064403829,0.323759791122715,0.222222222222222,0.277777777777778,0.5
"2094",41,76630,10,93,0,0,1,1,24,1003,0.0398803589232303,0.444666001994018,0.0558325024925224,0.174476570289133,0.0309072781655035,0.254237288135593,0.125,0.416666666666667,0.458333333333333
"2095",64,47353,11,93,0,1,3,5,10,225,0.0355555555555556,0.0844444444444444,0.0355555555555556,0.0177777777777778,0.00888888888888889,0.817777777777778,0.2,0.2,0.6
"2096",60,48920,11,93,0,2,3,7,13,347,0.0230547550432277,0.195965417867435,0.0288184438040346,0.0172910662824208,0.0489913544668588,0.685878962536023,0.461538461538462,0.153846153846154,0.384615384615385
"2097",77,67472,11,93,0,1,2,3,13,414,0.0193236714975845,0.306763285024155,0.0410628019323672,0.166666666666667,0.0748792270531401,0.391304347826087,0.307692307692308,0.153846153846154,0.538461538461538
"2098",60,64100,11,93,0,1,1,7,17,546,0,0.0494505494505494,0,0.0183150183150183,0,0.932234432234432,0.470588235294118,0.176470588235294,0.352941176470588
"2099",36,38872,11,93,1,0,2,8,6,91,0.032967032967033,0.230769230769231,0.208791208791209,0.241758241758242,0.032967032967033,0.252747252747253,0.5,0,0.5
"2100",62,72217,11,93,0,0,1,2,21,1573,0.034965034965035,0.286077558804832,0.0356007628734901,0.0979020979020979,0.0267005721551176,0.518753973299428,0.142857142857143,0.476190476190476,0.380952380952381
"2101",37,15038,11,93,1,0,2,9,5,80,0.2375,0.1375,0.15,0.325,0.1,0.05,0.4,0.2,0.4
"2102",48,13624,11,93,1,0,2,6,5,36,0.0555555555555556,0.416666666666667,0.0277777777777778,0.166666666666667,0.0555555555555556,0.277777777777778,0.4,0,0.6
"2104",38,71952,11,93,1,0,2,4,20,1443,0.036036036036036,0.315315315315315,0.0741510741510742,0.0644490644490645,0.0554400554400554,0.454608454608455,0.4,0.2,0.4
"2105",38,71952,11,93,1,0,2,4,20,1443,0.036036036036036,0.315315315315315,0.0741510741510742,0.0644490644490645,0.0554400554400554,0.454608454608455,0.4,0.2,0.4
"2106",53,78041,12,93,0,0,1,2,17,1319,0.0545868081880212,0.419257012888552,0.121304018195603,0.0128885519332828,0.0265352539802881,0.365428354814253,0.235294117647059,0.235294117647059,0.529411764705882
"2107",60,63972,12,93,0,1,4,4,19,1269,0,0.200157604412924,0.00945626477541371,0.00945626477541371,0.049645390070922,0.731284475965327,0.263157894736842,0.210526315789474,0.526315789473684
"2108",67,52852,12,93,0,1,4,8,22,879,0.012514220705347,0.112627986348123,0,0.0534698521046644,0.00910125142207053,0.812286689419795,0.454545454545455,0.318181818181818,0.227272727272727
"2109",52,62010,12,93,0,1,4,5,15,530,0.0113207547169811,0.0735849056603774,0,0.173584905660377,0.0415094339622641,0.7,0.4,0.133333333333333,0.466666666666667
"2111",57,77870,12,93,0,1,3,8,15,1815,0.0358126721763085,0.275482093663912,0.0275482093663912,0.0732782369146005,0.0275482093663912,0.560330578512397,0.333333333333333,0.333333333333333,0.333333333333333
"2113",47,85072,10,94,0,0,1,0,17,1423,0.13633169360506,0.274771609276177,0.00773014757554462,0.169360505973296,0.0646521433591005,0.347153900210822,0.176470588235294,0.235294117647059,0.588235294117647
"2114",37,73395,10,94,0,0,1,2,14,397,0.0503778337531486,0.201511335012594,0.017632241813602,0.0277078085642317,0.017632241813602,0.685138539042821,0.285714285714286,0.285714285714286,0.428571428571429
"2115",72,62307,10,94,0,1,1,5,8,160,0.0625,0.2125,0.0375,0.0625,0.08125,0.54375,0.5,0,0.5
"2116",43,58293,10,94,1,0,5,5,14,422,0.109004739336493,0.279620853080569,0.0639810426540284,0.0355450236966825,0.101895734597156,0.409952606635071,0.357142857142857,0.214285714285714,0.428571428571429
"2120",59,69882,11,94,0,0,1,1,19,1478,0.0893098782138024,0.429634641407307,0.0859269282814614,0.111637347767253,0.0859269282814614,0.197564276048714,0.157894736842105,0.368421052631579,0.473684210526316
"2122",39,22327,11,94,1,0,1,5,4,24,0.0833333333333333,0.333333333333333,0,0.208333333333333,0.166666666666667,0.208333333333333,0.25,0,0.75
"2123",63,61923,11,94,0,2,1,3,7,126,0.0238095238095238,0.142857142857143,0.0238095238095238,0.0476190476190476,0.0317460317460317,0.73015873015873,0.285714285714286,0.142857142857143,0.571428571428571
"2124",59,35791,11,94,2,1,2,8,4,35,0,0.142857142857143,0,0.0857142857142857,0,0.771428571428571,0.25,0,0.75
"2125",59,35791,11,94,2,1,2,8,4,35,0,0.142857142857143,0,0.0857142857142857,0,0.771428571428571,0.25,0,0.75
"2126",34,91172,11,94,0,0,0,3,14,1092,0,0.749084249084249,0.0256410256410256,0.0512820512820513,0.0256410256410256,0.148351648351648,0.285714285714286,0.214285714285714,0.5
"2127",57,35441,11,94,1,1,2,8,4,39,0.0512820512820513,0.230769230769231,0.0256410256410256,0.0256410256410256,0.0256410256410256,0.641025641025641,0.25,0,0.75
"2129",37,7500,11,94,0,0,1,6,3,15,0.266666666666667,0.2,0.0666666666666667,0.333333333333333,0.133333333333333,0,0,0,1
"2130",45,71626,12,94,0,0,1,3,18,1305,0.0720306513409962,0.288122605363985,0.111111111111111,0.0551724137931034,0.0551724137931034,0.418390804597701,0.277777777777778,0.277777777777778,0.444444444444444
"2131",47,75330,12,94,1,1,4,6,25,1109,0.0838593327321912,0.231740306582507,0.0550045085662759,0.0550045085662759,0.0739404869251578,0.500450856627592,0.4,0.12,0.48
"2132",48,34529,12,94,1,0,2,7,7,162,0.0185185185185185,0.234567901234568,0.037037037037037,0.253086419753086,0.037037037037037,0.419753086419753,0.285714285714286,0.285714285714286,0.428571428571429
"2133",32,48789,12,94,0,0,1,6,17,680,0.0102941176470588,0.229411764705882,0.00735294117647059,0.213235294117647,0.0235294117647059,0.516176470588235,0.352941176470588,0.235294117647059,0.411764705882353
"2134",47,34487,12,94,1,1,3,9,6,103,0.233009708737864,0.320388349514563,0.00970873786407767,0.0776699029126214,0.174757281553398,0.184466019417476,0.5,0,0.5
"2135",51,35688,12,94,2,1,7,8,9,211,0.0568720379146919,0.42654028436019,0.004739336492891,0.151658767772512,0.014218009478673,0.345971563981043,0.444444444444444,0.111111111111111,0.444444444444444
"2136",51,35688,12,94,2,1,7,8,9,211,0.0568720379146919,0.42654028436019,0.004739336492891,0.151658767772512,0.014218009478673,0.345971563981043,0.444444444444444,0.111111111111111,0.444444444444444
"2137",72,53700,12,94,0,1,4,5,18,694,0.0994236311239193,0.335734870317003,0.0590778097982709,0.119596541786744,0.00720461095100865,0.378962536023055,0.277777777777778,0.277777777777778,0.444444444444444
"2138",37,73454,10,95,0,0,1,5,12,1651,0.0339188370684434,0.21259842519685,0.00847970926711084,0.105996365838886,0.0442156268927922,0.594791035735918,0.166666666666667,0.333333333333333,0.5
"2139",67,71113,11,95,0,1,4,4,22,835,0.0131736526946108,0.305389221556886,0.0395209580838323,0.00958083832335329,0.0395209580838323,0.592814371257485,0.272727272727273,0.318181818181818,0.409090909090909
"2141",44,31535,11,95,1,0,1,7,4,51,0,0.254901960784314,0,0.372549019607843,0.0784313725490196,0.294117647058824,0.25,0.25,0.5
"2144",64,29440,11,95,1,1,2,7,5,56,0.178571428571429,0.25,0.0714285714285714,0.0535714285714286,0.142857142857143,0.303571428571429,0.2,0,0.8
"2145",38,38508,11,95,1,0,6,8,14,443,0.0564334085778781,0.465011286681716,0.0428893905191874,0.121896162528217,0.0428893905191874,0.270880361173815,0.5,0.142857142857143,0.357142857142857
"2146",41,69520,11,95,0,0,1,5,20,1455,0.0831615120274914,0.284536082474227,0.0549828178694158,0.0639175257731959,0.0824742268041237,0.430927835051546,0.45,0.3,0.25
"2147",60,18701,11,95,1,1,4,5,6,44,0.227272727272727,0.0454545454545455,0.136363636363636,0.227272727272727,0.0909090909090909,0.272727272727273,0.333333333333333,0,0.666666666666667
"2148",60,18701,11,95,1,1,4,5,6,44,0.227272727272727,0.0454545454545455,0.136363636363636,0.227272727272727,0.0909090909090909,0.272727272727273,0.333333333333333,0,0.666666666666667
"2149",55,69901,11,95,0,1,3,5,20,882,0.115646258503401,0.233560090702948,0.104308390022676,0.168934240362812,0.0238095238095238,0.353741496598639,0.35,0.15,0.5
"2150",71,47703,11,95,0,1,4,5,17,655,0.0198473282442748,0.204580152671756,0.0396946564885496,0.187786259541985,0,0.548091603053435,0.352941176470588,0.176470588235294,0.470588235294118
"2151",33,86037,11,95,0,0,1,3,24,730,0.0397260273972603,0.171232876712329,0.0273972602739726,0.0301369863013699,0.0602739726027397,0.671232876712329,0.25,0.291666666666667,0.458333333333333
"2152",46,71847,12,95,0,0,0,3,22,1192,0.0461409395973154,0.0889261744966443,0.0528523489932886,0.176174496644295,0.0176174496644295,0.618288590604027,0.272727272727273,0.318181818181818,0.409090909090909
"2154",60,51983,12,95,0,1,3,7,21,793,0.0126103404791929,0.145018915510719,0.00882723833543506,0.0378310214375788,0,0.795712484237074,0.428571428571429,0.0952380952380952,0.476190476190476
"2155",36,68655,12,95,0,0,1,3,20,1538,0.0487646293888166,0.540962288686606,0.0767230169050715,0.0247074122236671,0.0123537061118336,0.296488946684005,0.2,0.25,0.55
"2156",36,68655,12,95,0,0,1,3,20,1538,0.0487646293888166,0.540962288686606,0.0767230169050715,0.0247074122236671,0.0123537061118336,0.296488946684005,0.2,0.25,0.55
"2159",49,57338,10,96,0,1,2,5,10,237,0.0464135021097046,0.219409282700422,0.0337552742616034,0.0717299578059072,0.0253164556962025,0.60337552742616,0.4,0.1,0.5
"2160",60,42523,10,96,0,0,1,2,6,125,0.024,0.088,0.208,0.28,0.288,0.112,0.166666666666667,0.166666666666667,0.666666666666667
"2161",60,42523,10,96,0,0,1,2,6,125,0.024,0.088,0.208,0.28,0.288,0.112,0.166666666666667,0.166666666666667,0.666666666666667
"2162",40,31761,10,96,1,0,2,5,7,98,0.163265306122449,0.204081632653061,0.142857142857143,0.285714285714286,0.0102040816326531,0.193877551020408,0.428571428571429,0,0.571428571428571
"2163",55,65747,10,96,0,1,4,6,15,460,0.05,0.104347826086957,0.0282608695652174,0.0282608695652174,0.0369565217391304,0.752173913043478,0.533333333333333,0.0666666666666667,0.4
"2167",59,84618,11,96,0,0,1,2,25,1672,0.0125598086124402,0.479066985645933,0.0394736842105263,0,0.0598086124401914,0.409090909090909,0.24,0.36,0.4
"2168",59,84618,11,96,0,0,1,2,25,1672,0.0125598086124402,0.479066985645933,0.0394736842105263,0,0.0598086124401914,0.409090909090909,0.24,0.36,0.4
"2172",84,51141,11,96,0,0,1,5,8,157,0,0.0445859872611465,0,0.0382165605095541,0,0.917197452229299,0.375,0.125,0.5
"2173",44,15072,11,96,2,0,4,5,7,53,0,0.283018867924528,0.188679245283019,0.339622641509434,0.0377358490566038,0.150943396226415,0.428571428571429,0.142857142857143,0.428571428571429
"2174",38,7500,11,96,1,0,2,8,5,36,0.111111111111111,0.138888888888889,0.166666666666667,0.25,0.305555555555556,0.0277777777777778,0.4,0,0.6
"2176",59,59754,12,96,0,1,3,5,13,475,0.00842105263157895,0.0926315789473684,0.307368421052632,0.292631578947368,0.0568421052631579,0.242105263157895,0.384615384615385,0.153846153846154,0.461538461538462
"2177",71,65569,12,96,0,1,2,3,21,859,0.0232828870779977,0.335273573923166,0.0442374854481956,0.0814901047729918,0.0535506402793946,0.462165308498254,0.285714285714286,0.238095238095238,0.476190476190476
"2178",72,28457,12,96,0,0,1,8,9,205,0.141463414634146,0.526829268292683,0.141463414634146,0.0682926829268293,0.0048780487804878,0.117073170731707,0.444444444444444,0.111111111111111,0.444444444444444
"2179",52,86857,12,96,0,0,1,2,21,2114,0.0629139072847682,0.396404919583728,0.0482497634815516,0.0189214758751183,0.0482497634815516,0.425260170293283,0.238095238095238,0.285714285714286,0.476190476190476
"2180",52,86857,12,96,0,0,1,2,21,2114,0.0629139072847682,0.396404919583728,0.0482497634815516,0.0189214758751183,0.0482497634815516,0.425260170293283,0.238095238095238,0.285714285714286,0.476190476190476
"2186",66,78331,10,97,0,1,2,4,23,1638,0.0976800976800977,0.216117216117216,0.103174603174603,0.0372405372405372,0.0842490842490843,0.461538461538462,0.434782608695652,0.260869565217391,0.304347826086957
"2187",51,37971,11,97,1,0,1,8,4,30,0.0666666666666667,0.333333333333333,0.0666666666666667,0.233333333333333,0.133333333333333,0.166666666666667,0.25,0,0.75
"2188",47,30368,11,97,0,1,2,8,5,52,0.0384615384615385,0.25,0,0.0384615384615385,0,0.673076923076923,0.4,0,0.6
"2190",59,54111,11,97,0,1,2,5,13,388,0.0206185567010309,0.139175257731959,0.0077319587628866,0.128865979381443,0.0154639175257732,0.688144329896907,0.384615384615385,0.153846153846154,0.461538461538462
"2191",60,69932,11,97,0,1,2,4,24,1049,0.142993326978074,0.145853193517636,0.100095328884652,0.0543374642516683,0.163965681601525,0.392755004766444,0.291666666666667,0.25,0.458333333333333
"2193",70,93404,11,97,1,2,3,5,14,1616,0.0123762376237624,0.17759900990099,0,0.00928217821782178,0.00928217821782178,0.791460396039604,0.214285714285714,0.285714285714286,0.5
"2194",40,38680,11,97,1,0,1,7,5,79,0.189873417721519,0.455696202531646,0.0632911392405063,0.151898734177215,0,0.139240506329114,0.4,0,0.6
"2195",40,24570,11,97,1,0,3,9,8,193,0.0569948186528497,0.321243523316062,0.0725388601036269,0.227979274611399,0.176165803108808,0.145077720207254,0.5,0,0.5
"2196",57,77766,11,97,0,1,2,6,32,1529,0.0752125572269457,0.173315892740353,0.0385873119686069,0.0176586003924133,0.0385873119686069,0.656638325703074,0.34375,0.3125,0.34375
"2197",57,77766,11,97,0,1,2,6,32,1529,0.0752125572269457,0.173315892740353,0.0385873119686069,0.0176586003924133,0.0385873119686069,0.656638325703074,0.34375,0.3125,0.34375
"2199",56,23748,12,97,1,0,3,8,6,76,0.157894736842105,0.381578947368421,0.197368421052632,0.105263157894737,0.0789473684210526,0.0789473684210526,0.333333333333333,0.166666666666667,0.5
"2200",60,45989,12,97,0,1,4,3,12,322,0.0869565217391304,0.270186335403727,0.0745341614906832,0.0372670807453416,0.102484472049689,0.428571428571429,0.25,0.166666666666667,0.583333333333333
"2201",36,23331,12,97,1,0,6,9,11,269,0.0892193308550186,0.37546468401487,0.0557620817843866,0.0185873605947955,0.0743494423791822,0.386617100371747,0.454545454545455,0.0909090909090909,0.454545454545455
"2202",70,70421,10,98,0,1,3,6,20,767,0.0977835723598435,0.177314211212516,0.0182529335071708,0.045632333767927,0.0365058670143416,0.624511082138201,0.5,0.15,0.35
"2203",61,23091,10,98,1,1,4,7,6,48,0,0.229166666666667,0,0.0416666666666667,0,0.729166666666667,0.333333333333333,0.166666666666667,0.5
"2204",34,24683,10,98,1,0,2,5,6,41,0.146341463414634,0.24390243902439,0.170731707317073,0.146341463414634,0.0975609756097561,0.195121951219512,0.333333333333333,0,0.666666666666667
"2205",51,157243,10,98,0,1,15,0,22,1608,0.000621890547263682,0.983830845771144,0.00124378109452736,0.000621890547263682,0.00124378109452736,0.0124378109452736,0,1,0
"2206",51,54222,10,98,0,1,1,3,11,264,0.0113636363636364,0.117424242424242,0.0454545454545455,0.0265151515151515,0.0454545454545455,0.753787878787879,0.272727272727273,0.272727272727273,0.454545454545455
"2207",56,73455,11,98,0,0,1,3,21,2088,0.089080459770115,0.362547892720307,0.0780651340996169,0.00957854406130268,0.0292145593869732,0.431513409961686,0.285714285714286,0.238095238095238,0.476190476190476
"2210",46,47025,11,98,0,1,5,9,18,635,0.0362204724409449,0.0929133858267717,0.0078740157480315,0.0456692913385827,0.0173228346456693,0.8,0.611111111111111,0.0555555555555556,0.333333333333333
"2211",58,44529,11,98,0,1,6,5,19,691,0.0246020260492041,0.131693198263386,0.00868306801736614,0.0376266280752533,0.0188133140376266,0.778581765557164,0.31578947368421,0.105263157894737,0.578947368421053
"2212",50,31560,11,98,1,0,2,8,6,94,0.0425531914893617,0.212765957446809,0,0.074468085106383,0.0106382978723404,0.659574468085106,0.333333333333333,0.166666666666667,0.5
"2213",41,90687,11,98,0,0,1,2,16,1779,0.0129286115795391,0.377740303541315,0.0191118605958404,0.0286677908937605,0.00955593029792018,0.551995503091624,0.375,0.125,0.5
"2216",56,64590,12,98,0,0,1,6,23,1338,0.0269058295964126,0.125560538116592,0.0343796711509716,0.0224215246636771,0.103139013452915,0.687593423019432,0.391304347826087,0.173913043478261,0.434782608695652
"2217",64,50611,12,98,0,1,6,6,16,493,0.0121703853955375,0.0486815415821501,0,0.00811359026369168,0,0.931034482758621,0.25,0.3125,0.4375
"2218",64,50611,12,98,0,1,6,6,16,493,0.0121703853955375,0.0486815415821501,0,0.00811359026369168,0,0.931034482758621,0.25,0.3125,0.4375
"2219",54,83273,12,98,1,2,10,7,19,1392,0.0114942528735632,0.466954022988506,0.0732758620689655,0.0732758620689655,0.0639367816091954,0.311063218390805,0.210526315789474,0.31578947368421,0.473684210526316
"2220",44,81702,12,98,0,0,1,3,26,1633,0.0171463563992652,0.473974280465401,0.0189834660134721,0.114513165952235,0.0306184935701164,0.34476423759951,0.269230769230769,0.269230769230769,0.461538461538462
"2222",50,42557,12,98,0,1,4,8,11,270,0,0.196296296296296,0.0185185185185185,0.0555555555555556,0.0185185185185185,0.711111111111111,0.545454545454545,0.0909090909090909,0.363636363636364
"2225",58,44794,10,99,0,1,1,6,5,65,0,0.107692307692308,0,0.0615384615384615,0,0.830769230769231,0.4,0,0.6
"2226",58,44794,10,99,0,1,1,6,5,65,0,0.107692307692308,0,0.0615384615384615,0,0.830769230769231,0.4,0,0.6
"2227",50,69719,10,99,0,0,1,1,10,801,0.220973782771536,0.259675405742821,0.017478152309613,0.0536828963795256,0.107365792759051,0.340823970037453,0.2,0.3,0.5
"2229",55,42231,10,99,1,1,1,5,4,37,0,0.216216216216216,0.027027027027027,0.108108108108108,0,0.648648648648649,0.25,0,0.75
"2230",50,20130,10,99,0,0,1,8,4,34,0.205882352941176,0.0882352941176471,0.176470588235294,0.352941176470588,0.176470588235294,0,0.25,0,0.75
"2231",50,20130,10,99,0,0,1,8,4,34,0.205882352941176,0.0882352941176471,0.176470588235294,0.352941176470588,0.176470588235294,0,0.25,0,0.75
"2232",51,42429,10,99,0,1,2,5,5,67,0.0298507462686567,0.0895522388059701,0,0.0597014925373134,0,0.82089552238806,0.2,0.2,0.6
"2233",51,42429,10,99,0,1,2,5,5,67,0.0298507462686567,0.0895522388059701,0,0.0597014925373134,0,0.82089552238806,0.2,0.2,0.6
"2235",51,78901,11,99,0,1,3,4,17,734,0.0449591280653951,0.420980926430518,0.0354223433242507,0.0463215258855586,0.0149863760217984,0.43732970027248,0.529411764705882,0.176470588235294,0.294117647058824
"2236",48,66476,11,99,0,1,2,4,18,689,0.0682148040638607,0.182873730043541,0.06966618287373,0.113207547169811,0.0261248185776488,0.539912917271408,0.277777777777778,0.111111111111111,0.611111111111111
"2237",47,31056,11,99,1,0,1,8,4,55,0.0545454545454545,0.236363636363636,0.145454545454545,0.290909090909091,0.181818181818182,0.0909090909090909,0.25,0,0.75
"2238",48,46310,12,99,1,0,2,8,12,309,0.0485436893203883,0.284789644012945,0.0161812297734628,0.0453074433656958,0.00647249190938511,0.598705501618123,0.5,0.0833333333333333,0.416666666666667
"2239",46,65819,12,99,0,0,1,3,19,1383,0.107736804049168,0.506869125090383,0.119305856832972,0.0455531453362256,0.0274765003615329,0.193058568329718,0.263157894736842,0.210526315789474,0.526315789473684
"2240",55,94871,12,99,0,2,1,7,17,1078,0.174397031539889,0.512987012987013,0,0.133580705009276,0.0222634508348794,0.156771799628942,0.470588235294118,0.294117647058824,0.235294117647059
